<?xml version="1.0" encoding="utf-8"?>
<System>
  <P Name="Location">[762, 0, 1543, 830]</P>
  <P Name="SystemRect">[0.000000, 0.000000, 0.000000, 0.000000]</P>
  <P Name="SetExecutionDomain">off</P>
  <P Name="ExecutionDomainType">Deduce</P>
  <P Name="ZoomFactor">62</P>
  <P Name="SimulinkSubDomain">Simulink</P>
  <Block BlockType="Inport" Name="In" SID="228">
    <P Name="Position">[20, 28, 50, 42]</P>
    <P Name="ZOrder">7</P>
  </Block>
  <Block BlockType="Quantizer" Name="DAC&#xA;quantizer" SID="229">
    <P Name="Position">[140, 20, 170, 50]</P>
    <P Name="ZOrder">5</P>
    <P Name="QuantizationInterval">daq.dac.q </P>
  </Block>
  <Block BlockType="Saturate" Name="DAC&#xA;saturation" SID="230">
    <P Name="Position">[205, 20, 235, 50]</P>
    <P Name="ZOrder">6</P>
    <P Name="UpperLimit">daq.dac.fs</P>
    <P Name="LowerLimit">-daq.dac.fs</P>
  </Block>
  <Block BlockType="ZeroOrderHold" Name="DAC &#xA;ZOH" SID="231">
    <P Name="Position">[70, 20, 105, 50]</P>
    <P Name="ZOrder">4</P>
    <P Name="SampleTime">0.001</P>
  </Block>
  <Block BlockType="Outport" Name="out [V]" SID="232">
    <P Name="Position">[255, 28, 285, 42]</P>
    <P Name="ZOrder">8</P>
  </Block>
  <Line>
    <P Name="ZOrder">1</P>
    <P Name="Src">230#out:1</P>
    <P Name="Dst">232#in:1</P>
  </Line>
  <Line>
    <P Name="ZOrder">2</P>
    <P Name="Src">228#out:1</P>
    <P Name="Dst">231#in:1</P>
  </Line>
  <Line>
    <P Name="ZOrder">3</P>
    <P Name="Src">229#out:1</P>
    <P Name="Dst">230#in:1</P>
  </Line>
  <Line>
    <P Name="ZOrder">4</P>
    <P Name="Src">231#out:1</P>
    <P Name="Dst">229#in:1</P>
  </Line>
</System>
