<?xml version="1.0" encoding="utf-8"?>
<System>
  <P Name="Location">[-7, -7, 775, 831]</P>
  <P Name="SystemRect">[0.000000, 0.000000, 0.000000, 0.000000]</P>
  <P Name="SetExecutionDomain">off</P>
  <P Name="ExecutionDomainType">Deduce</P>
  <P Name="ZoomFactor">150</P>
  <P Name="SimulinkSubDomain">Simulink</P>
  <Block BlockType="Inport" Name="thl[deg]" SID="252">
    <P Name="Position">[275, 28, 305, 42]</P>
    <P Name="ZOrder">11</P>
    <P Name="BlockMirror">on</P>
  </Block>
  <Block BlockType="Quantizer" Name="Encoder&#xA;quantization" SID="253">
    <P Name="Position">[145, 20, 175, 50]</P>
    <P Name="ZOrder">9</P>
    <P Name="BlockMirror">on</P>
    <P Name="QuantizationInterval">sens.enc.pulse2deg</P>
  </Block>
  <Block BlockType="ZeroOrderHold" Name="Encoder&#xA;sampling" SID="254">
    <P Name="Position">[220, 20, 255, 50]</P>
    <P Name="ZOrder">8</P>
    <P Name="BlockMirror">on</P>
    <P Name="SampleTime">-1</P>
  </Block>
  <Block BlockType="Gain" Name="deg2pulse" SID="255">
    <P Name="Position">[70, 20, 100, 50]</P>
    <P Name="ZOrder">10</P>
    <P Name="BlockMirror">on</P>
    <P Name="Gain">sens.enc.deg2pulse</P>
  </Block>
  <Block BlockType="Outport" Name="thl[pulses]" SID="256">
    <P Name="Position">[-5, 28, 25, 42]</P>
    <P Name="ZOrder">12</P>
    <P Name="BlockMirror">on</P>
  </Block>
  <Line>
    <P Name="ZOrder">1</P>
    <P Name="Src">252#out:1</P>
    <P Name="Dst">254#in:1</P>
  </Line>
  <Line>
    <P Name="ZOrder">2</P>
    <P Name="Src">253#out:1</P>
    <P Name="Dst">255#in:1</P>
  </Line>
  <Line>
    <P Name="ZOrder">3</P>
    <P Name="Src">254#out:1</P>
    <P Name="Dst">253#in:1</P>
  </Line>
  <Line>
    <P Name="ZOrder">4</P>
    <P Name="Src">255#out:1</P>
    <P Name="Dst">256#in:1</P>
  </Line>
</System>
