<?xml version="1.0" encoding="utf-8"?>
<System>
  <P Name="Location">[516, 6, 1298, 743]</P>
  <P Name="SystemRect">[0.000000, 0.000000, 0.000000, 0.000000]</P>
  <P Name="Open">on</P>
  <P Name="SetExecutionDomain">off</P>
  <P Name="ExecutionDomainType">Deduce</P>
  <P Name="ZoomFactor">80</P>
  <P Name="ReportName">simulink-default.rpt</P>
  <P Name="SIDHighWatermark">263</P>
  <P Name="SimulinkSubDomain">Simulink</P>
  <Block BlockType="TransferFcn" Name="Acceleration Filter" SID="76">
    <P Name="Position">[-260, -44, -175, 24]</P>
    <P Name="ZOrder">537</P>
    <P Name="Numerator">[numHwa]</P>
    <P Name="Denominator">[denHwa]</P>
    <Port>
      <P Name="PortNumber">1</P>
      <P Name="Name">acc[rpm/s]</P>
    </Port>
  </Block>
  <Block BlockType="Demux" Name="Demux" SID="65">
    <P Name="Ports">[1, 2]</P>
    <P Name="Position">[-255, -264, -250, -226]</P>
    <P Name="ZOrder">66</P>
    <P Name="BlockMirror">on</P>
    <P Name="Outputs">2</P>
    <Port>
      <P Name="PortNumber">1</P>
      <P Name="Name">thl_est</P>
    </Port>
    <Port>
      <P Name="PortNumber">2</P>
      <P Name="Name">wl_est</P>
    </Port>
  </Block>
  <Block BlockType="DiscreteStateSpace" Name="Discrete State-Space" SID="74">
    <P Name="Position">[-145, -265, -45, -215]</P>
    <P Name="ZOrder">75</P>
    <P Name="BlockMirror">on</P>
    <P Name="A">PHI</P>
    <P Name="B">GAMMA</P>
    <P Name="C">H0</P>
    <P Name="D">J0</P>
    <P Name="SampleTime">T</P>
  </Block>
  <Block BlockType="From" Name="From10" SID="150">
    <P Name="Position">[260, -241, 325, -219]</P>
    <P Name="ZOrder">561</P>
    <P Name="BlockMirror">on</P>
    <P Name="GotoTag">thl_pulses</P>
  </Block>
  <Block BlockType="From" Name="From11" SID="78">
    <P Name="Position">[535, -121, 600, -99]</P>
    <P Name="ZOrder">556</P>
    <P Name="GotoTag">u_control</P>
    <Port>
      <P Name="PortNumber">1</P>
      <P Name="Name">u [V]</P>
    </Port>
  </Block>
  <Block BlockType="From" Name="From12" SID="223">
    <P Name="Position">[390, -496, 455, -474]</P>
    <P Name="ZOrder">568</P>
    <P Name="GotoTag">u_control</P>
    <Port>
      <P Name="PortNumber">1</P>
      <P Name="Name">u [V]</P>
    </Port>
  </Block>
  <Block BlockType="From" Name="From3" SID="80">
    <P Name="Position">[-400, -21, -335, 1]</P>
    <P Name="ZOrder">540</P>
    <P Name="GotoTag">wl_rpm</P>
  </Block>
  <Block BlockType="From" Name="From5" SID="82">
    <P Name="Position">[535, -166, 600, -144]</P>
    <P Name="ZOrder">542</P>
    <P Name="GotoTag">acc_rpms</P>
    <Port>
      <P Name="PortNumber">1</P>
      <P Name="Name">acc [rpms]</P>
      <P Name="PropagatedSignals">acc[rpm/s]</P>
    </Port>
  </Block>
  <Block BlockType="From" Name="From6" SID="83">
    <P Name="Position">[410, -236, 475, -214]</P>
    <P Name="ZOrder">544</P>
    <P Name="GotoTag">thl_deg</P>
  </Block>
  <Block BlockType="From" Name="From7" SID="84">
    <P Name="Position">[-400, -141, -335, -119]</P>
    <P Name="ZOrder">546</P>
    <P Name="GotoTag">thl_deg</P>
  </Block>
  <Block BlockType="From" Name="From8" SID="85">
    <P Name="Position">[535, -211, 600, -189]</P>
    <P Name="ZOrder">548</P>
    <P Name="GotoTag">wl_rpm</P>
    <Port>
      <P Name="PortNumber">1</P>
      <P Name="Name">wl [rpm]</P>
    </Port>
  </Block>
  <Block BlockType="From" Name="From9" SID="86">
    <P Name="Position">[410, -276, 475, -254]</P>
    <P Name="ZOrder">545</P>
    <P Name="GotoTag">ref_input</P>
  </Block>
  <Block BlockType="Goto" Name="Goto1" SID="149">
    <P Name="Position">[260, -476, 325, -454]</P>
    <P Name="ZOrder">560</P>
    <P Name="GotoTag">u_control</P>
  </Block>
  <Block BlockType="Goto" Name="Goto2" SID="151">
    <P Name="Position">[260, -321, 325, -299]</P>
    <P Name="ZOrder">562</P>
    <P Name="GotoTag">thl_deg</P>
  </Block>
  <Block BlockType="Goto" Name="Goto3" SID="90">
    <P Name="Position">[-5, -141, 60, -119]</P>
    <P Name="ZOrder">541</P>
    <P Name="GotoTag">wl_rpm</P>
  </Block>
  <Block BlockType="Goto" Name="Goto5" SID="92">
    <P Name="Position">[-5, -21, 60, 1]</P>
    <P Name="ZOrder">543</P>
    <P Name="GotoTag">acc_rpms</P>
  </Block>
  <Block BlockType="Goto" Name="Goto7" SID="147">
    <P Name="Position">[-415, -441, -350, -419]</P>
    <P Name="ZOrder">558</P>
    <P Name="BlockMirror">on</P>
    <P Name="GotoTag">ref_input</P>
  </Block>
  <Block BlockType="Goto" Name="Goto9" SID="224">
    <P Name="Position">[670, -496, 735, -474]</P>
    <P Name="ZOrder">567</P>
    <P Name="GotoTag">thl_pulses</P>
  </Block>
  <Block BlockType="SubSystem" Name="MOTOR MATHEMATICAL MODEL" SID="225">
    <P Name="Ports">[1, 1]</P>
    <P Name="Position">[500, -539, 615, -431]</P>
    <P Name="ZOrder">566</P>
    <P Name="RequestExecContextInheritance">off</P>
    <P Name="ContentPreviewEnabled">on</P>
    <Mask>
      <Display IconFrame="off" RunInitForIconRedraw="off"/>
    </Mask>
    <System Ref="system_225"/>
  </Block>
  <Block BlockType="ManualSwitch" Name="Manual Switch" SID="73">
    <P Name="Position">[-225, -265, -190, -230]</P>
    <P Name="ZOrder">74</P>
    <P Name="BlockMirror">on</P>
  </Block>
  <Block BlockType="Mux" Name="Mux" SID="66">
    <P Name="Ports">[2, 1]</P>
    <P Name="Position">[0, -259, 5, -221]</P>
    <P Name="ZOrder">67</P>
    <P Name="BlockMirror">on</P>
    <P Name="Inputs">2</P>
    <P Name="DisplayOption">bar</P>
  </Block>
  <Block BlockType="Mux" Name="Mux1" SID="133">
    <P Name="Ports">[2, 1]</P>
    <P Name="Position">[510, -287, 515, -203]</P>
    <P Name="ZOrder">547</P>
    <P Name="Inputs">2</P>
    <P Name="DisplayOption">bar</P>
    <Port>
      <P Name="PortNumber">1</P>
      <P Name="Name">thl_meas [deg]</P>
    </Port>
  </Block>
  <Block BlockType="Scope" Name="Scope1" SID="141">
    <P Name="Ports">[4]</P>
    <P Name="Position">[660, -269, 735, -86]</P>
    <P Name="ZOrder">534</P>
    <P Name="ScopeSpecificationString">Simulink.scopes.TimeScopeBlockCfg(&apos;CurrentConfiguration&apos;, extmgr.ConfigurationSet(extmgr.Configuration(&apos;Core&apos;,&apos;General UI&apos;,true),extmgr.Configuration(&apos;Core&apos;,&apos;Source UI&apos;,true),extmgr.Configuration(&apos;Sources&apos;,&apos;WiredSimulink&apos;,true,&apos;DataLogging&apos;,true,&apos;DataLoggingSaveFormat&apos;,&apos;StructureWithTime&apos;,&apos;DataLoggingVariableName&apos;,&apos;MotorData&apos;),extmgr.Configuration(&apos;Visuals&apos;,&apos;Time Domain&apos;,true,&apos;SerializedDisplays&apos;,{struct(&apos;MinYLimReal&apos;,&apos;-6.25&apos;,&apos;MaxYLimReal&apos;,&apos;56.25&apos;,&apos;YLabelReal&apos;,&apos;&apos;,&apos;MinYLimMag&apos;,&apos;0.00000&apos;,&apos;MaxYLimMag&apos;,&apos;56.25&apos;,&apos;LegendVisibility&apos;,&apos;On&apos;,&apos;XGrid&apos;,true,&apos;YGrid&apos;,true,&apos;PlotMagPhase&apos;,false,&apos;AxesColor&apos;,[0 0 0],&apos;AxesTickColor&apos;,[0.686274509803922 0.686274509803922 0.686274509803922],&apos;ColorOrder&apos;,[1 1 0.0666666666666667;0.0745098039215686 0.623529411764706 1;1 0.411764705882353 0.16078431372549;0.392156862745098 0.831372549019608 0.0745098039215686;0.717647058823529 0.274509803921569 1;0.0588235294117647 1 1;1 0.0745098039215686 0.650980392156863],&apos;Title&apos;,&apos;%&lt;SignalLabel&gt;&apos;,&apos;LinePropertiesCache&apos;,{{}},&apos;UserDefinedChannelNames&apos;,{{}},&apos;NumLines&apos;,2,&apos;LineNames&apos;,{{&apos;thl_meas [deg]:1&apos;,&apos;thl_meas [deg]:2&apos;}},&apos;ShowContent&apos;,true,&apos;Placement&apos;,1),struct(&apos;MinYLimReal&apos;,&apos;-81.81589&apos;,&apos;MaxYLimReal&apos;,&apos;144.0832&apos;,&apos;YLabelReal&apos;,&apos;&apos;,&apos;MinYLimMag&apos;,&apos;0.00000&apos;,&apos;MaxYLimMag&apos;,&apos;1.00000&apos;,&apos;LegendVisibility&apos;,&apos;On&apos;,&apos;XGrid&apos;,true,&apos;YGrid&apos;,true,&apos;PlotMagPhase&apos;,false,&apos;AxesColor&apos;,[0 0 0],&apos;AxesTickColor&apos;,[0.686274509803922 0.686274509803922 0.686274509803922],&apos;ColorOrder&apos;,[1 1 0.0666666666666667;0.0745098039215686 0.623529411764706 1;1 0.411764705882353 0.16078431372549;0.392156862745098 0.831372549019608 0.0745098039215686;0.717647058823529 0.274509803921569 1;0.0588235294117647 1 1;1 0.0745098039215686 0.650980392156863],&apos;Title&apos;,&apos;%&lt;SignalLabel&gt;&apos;,&apos;LinePropertiesCache&apos;,{{}},&apos;UserDefinedChannelNames&apos;,{{}},&apos;NumLines&apos;,1,&apos;LineNames&apos;,{{&apos;wl [rpm]&apos;}},&apos;ShowContent&apos;,true,&apos;Placement&apos;,2),struct(&apos;MinYLimReal&apos;,&apos;-6398.76218&apos;,&apos;MaxYLimReal&apos;,&apos;5781.9141&apos;,&apos;YLabelReal&apos;,&apos;&apos;,&apos;MinYLimMag&apos;,&apos;0.00000&apos;,&apos;MaxYLimMag&apos;,&apos;1.00000&apos;,&apos;LegendVisibility&apos;,&apos;On&apos;,&apos;XGrid&apos;,true,&apos;YGrid&apos;,true,&apos;PlotMagPhase&apos;,false,&apos;AxesColor&apos;,[0 0 0],&apos;AxesTickColor&apos;,[0.686274509803922 0.686274509803922 0.686274509803922],&apos;ColorOrder&apos;,[1 1 0.0666666666666667;0.0745098039215686 0.623529411764706 1;1 0.411764705882353 0.16078431372549;0.392156862745098 0.831372549019608 0.0745098039215686;0.717647058823529 0.274509803921569 1;0.0588235294117647 1 1;1 0.0745098039215686 0.650980392156863],&apos;Title&apos;,&apos;%&lt;SignalLabel&gt;&apos;,&apos;LinePropertiesCache&apos;,{{}},&apos;UserDefinedChannelNames&apos;,{{}},&apos;NumLines&apos;,1,&apos;LineNames&apos;,{{&apos;acc [rpms]&apos;}},&apos;ShowContent&apos;,true,&apos;Placement&apos;,3),struct(&apos;MinYLimReal&apos;,&apos;-5.17802&apos;,&apos;MaxYLimReal&apos;,&apos;9.004&apos;,&apos;YLabelReal&apos;,&apos;&apos;,&apos;MinYLimMag&apos;,&apos;0.00000&apos;,&apos;MaxYLimMag&apos;,&apos;1.00000&apos;,&apos;LegendVisibility&apos;,&apos;On&apos;,&apos;XGrid&apos;,true,&apos;YGrid&apos;,true,&apos;PlotMagPhase&apos;,false,&apos;AxesColor&apos;,[0 0 0],&apos;AxesTickColor&apos;,[0.686274509803922 0.686274509803922 0.686274509803922],&apos;ColorOrder&apos;,[1 1 0.0666666666666667;0.0745098039215686 0.623529411764706 1;1 0.411764705882353 0.16078431372549;0.392156862745098 0.831372549019608 0.0745098039215686;0.717647058823529 0.274509803921569 1;0.0588235294117647 1 1;1 0.0745098039215686 0.650980392156863],&apos;Title&apos;,&apos;%&lt;SignalLabel&gt;&apos;,&apos;LinePropertiesCache&apos;,{{}},&apos;UserDefinedChannelNames&apos;,{{}},&apos;NumLines&apos;,1,&apos;LineNames&apos;,{{&apos;u [V]&apos;}},&apos;ShowContent&apos;,true,&apos;Placement&apos;,4),struct(&apos;MinYLimReal&apos;,&apos;-28.975&apos;,&apos;MaxYLimReal&apos;,&apos;58.775&apos;,&apos;YLabelReal&apos;,&apos;&apos;,&apos;MinYLimMag&apos;,&apos;0.00000&apos;,&apos;MaxYLimMag&apos;,&apos;1.00000&apos;,&apos;LegendVisibility&apos;,&apos;On&apos;,&apos;XGrid&apos;,true,&apos;YGrid&apos;,true,&apos;PlotMagPhase&apos;,false,&apos;AxesColor&apos;,[0 0 0],&apos;AxesTickColor&apos;,[0.686274509803922 0.686274509803922 0.686274509803922],&apos;ColorOrder&apos;,[1 1 0.0666666666666667;0.0745098039215686 0.623529411764706 1;1 0.411764705882353 0.16078431372549;0.392156862745098 0.831372549019608 0.0745098039215686;0.717647058823529 0.274509803921569 1;0.0588235294117647 1 1;1 0.0745098039215686 0.650980392156863],&apos;Title&apos;,&apos;%&lt;SignalLabel&gt;&apos;,&apos;LinePropertiesCache&apos;,{{}},&apos;UserDefinedChannelNames&apos;,{{}},&apos;NumLines&apos;,0,&apos;LineNames&apos;,{{}},&apos;ShowContent&apos;,false,&apos;Placement&apos;,5),struct(&apos;MinYLimReal&apos;,&apos;-10.00000&apos;,&apos;MaxYLimReal&apos;,&apos;10.00000&apos;,&apos;YLabelReal&apos;,&apos;&apos;,&apos;MinYLimMag&apos;,&apos;0&apos;,&apos;MaxYLimMag&apos;,&apos;10&apos;,&apos;LegendVisibility&apos;,&apos;off&apos;,&apos;XGrid&apos;,true,&apos;YGrid&apos;,true,&apos;PlotMagPhase&apos;,false,&apos;AxesColor&apos;,[0 0 0],&apos;AxesTickColor&apos;,[0.686274509803922 0.686274509803922 0.686274509803922],&apos;ColorOrder&apos;,[1 1 0.0666666666666667;0.0745098039215686 0.623529411764706 1;1 0.411764705882353 0.16078431372549;0.392156862745098 0.831372549019608 0.0745098039215686;0.717647058823529 0.274509803921569 1;0.0588235294117647 1 1;1 0.0745098039215686 0.650980392156863],&apos;Title&apos;,&apos;&apos;,&apos;LinePropertiesCache&apos;,{{}},&apos;UserDefinedChannelNames&apos;,{{}},&apos;NumLines&apos;,0,&apos;LineNames&apos;,{{}},&apos;ShowContent&apos;,false,&apos;Placement&apos;,6)},&apos;DisplayPropertyDefaults&apos;,struct(&apos;YLabelReal&apos;,&apos;&apos;,&apos;AxesColor&apos;,[0 0 0],&apos;AxesTickColor&apos;,[0.686274509803922 0.686274509803922 0.686274509803922],&apos;ColorOrder&apos;,[0.0745098039215686 0.623529411764706 1;1 0.411764705882353 0.16078431372549;1 1 0.0666666666666667;0.717647058823529 0.274509803921569 1;0.392156862745098 0.831372549019608 0.0745098039215686;0.0588235294117647 1 1;1 0.0745098039215686 0.650980392156863]),&apos;DisplayLayoutDimensions&apos;,[3 2],&apos;DisplayContentCache&apos;,[]),extmgr.Configuration(&apos;Tools&apos;,&apos;Plot Navigation&apos;,true,&apos;OnceAtStop&apos;,false,&apos;PreviousAutoscale&apos;,&apos;XY&apos;),extmgr.Configuration(&apos;Tools&apos;,&apos;Measurements&apos;,true,&apos;Version&apos;,&apos;2020b&apos;)),&apos;Version&apos;,&apos;2020b&apos;,&apos;Position&apos;,[402.6 -0.6 766.4 698.4])</P>
    <P Name="NumInputPorts">4</P>
    <P Name="Floating">off</P>
  </Block>
  <Block BlockType="TransferFcn" Name="Speed Filter" SID="142">
    <P Name="Position">[-260, -164, -175, -96]</P>
    <P Name="ZOrder">535</P>
    <P Name="Numerator">[numHws]</P>
    <P Name="Denominator">[denHws]</P>
    <Port>
      <P Name="PortNumber">1</P>
      <P Name="Name">wl [degs]</P>
    </Port>
  </Block>
  <Block BlockType="StateSpace" Name="State-Space" SID="64">
    <P Name="Ports">[1, 1]</P>
    <P Name="Position">[-145, -375, -45, -325]</P>
    <P Name="ZOrder">65</P>
    <P Name="BlockMirror">on</P>
    <P Name="A">A0</P>
    <P Name="B">B0</P>
    <P Name="C">C0</P>
    <P Name="D">D0</P>
    <P Name="InitialCondition">0</P>
  </Block>
  <Block BlockType="SubSystem" Name="State-space Controller" SID="38">
    <P Name="Ports">[3, 1]</P>
    <P Name="Position">[-225, -496, -130, -434]</P>
    <P Name="ZOrder">58</P>
    <P Name="RequestExecContextInheritance">off</P>
    <System Ref="system_38"/>
  </Block>
  <Block BlockType="Step" Name="Step" SID="55">
    <P Name="Position">[-415, -500, -385, -470]</P>
    <P Name="ZOrder">59</P>
    <P Name="After">step_size</P>
    <P Name="SampleTime">0</P>
    <Port>
      <P Name="PortNumber">1</P>
      <P Name="Name">thl_ref</P>
    </Port>
  </Block>
  <Block BlockType="Gain" Name="deg2rad" SID="67">
    <P Name="Position">[95, -245, 125, -215]</P>
    <P Name="ZOrder">71</P>
    <P Name="BlockMirror">on</P>
    <P Name="Gain">deg2rad</P>
    <Port>
      <P Name="PortNumber">1</P>
      <P Name="Name">thl_meas</P>
    </Port>
  </Block>
  <Block BlockType="Gain" Name="degs2rpm" SID="145">
    <P Name="Position">[-100, -145, -70, -115]</P>
    <P Name="ZOrder">536</P>
    <P Name="Gain">degs2rpm</P>
    <Port>
      <P Name="PortNumber">1</P>
      <P Name="Name">wl [rpm]</P>
    </Port>
  </Block>
  <Block BlockType="Gain" Name="pulse2deg" SID="36">
    <P Name="Position">[185, -245, 215, -215]</P>
    <P Name="ZOrder">56</P>
    <P Name="BlockMirror">on</P>
    <P Name="Gain">sens.enc.pulse2deg</P>
  </Block>
  <Line>
    <P Name="ZOrder">15</P>
    <P Name="Src">38#out:1</P>
    <P Name="Points">[153, 0]</P>
    <Branch>
      <P Name="ZOrder">119</P>
      <P Name="Dst">149#in:1</P>
    </Branch>
    <Branch>
      <P Name="ZOrder">34</P>
      <P Name="Points">[0, 215]</P>
      <P Name="Dst">66#in:1</P>
    </Branch>
  </Line>
  <Line>
    <P Name="ZOrder">120</P>
    <P Name="Src">150#out:1</P>
    <P Name="Dst">36#in:1</P>
  </Line>
  <Line>
    <P Name="Name">thl_ref</P>
    <P Name="ZOrder">16</P>
    <P Name="Src">55#out:1</P>
    <P Name="Points">[59, 0]</P>
    <Branch>
      <P Name="ZOrder">118</P>
      <P Name="Points">[0, 55]</P>
      <P Name="Dst">147#in:1</P>
    </Branch>
    <Branch>
      <P Name="ZOrder">117</P>
      <P Name="Labels">[1, 1]</P>
      <P Name="Dst">38#in:1</P>
    </Branch>
  </Line>
  <Line>
    <P Name="ZOrder">59</P>
    <P Name="Src">36#out:1</P>
    <P Name="Points">[-25, 0]</P>
    <Branch>
      <P Name="ZOrder">122</P>
      <P Name="Points">[0, -80]</P>
      <P Name="Dst">151#in:1</P>
    </Branch>
    <Branch>
      <P Name="ZOrder">121</P>
      <P Name="Dst">67#in:1</P>
    </Branch>
  </Line>
  <Line>
    <P Name="Name">thl_meas</P>
    <P Name="ZOrder">54</P>
    <P Name="Labels">[0, 0]</P>
    <P Name="Src">67#out:1</P>
    <P Name="Dst">66#in:2</P>
  </Line>
  <Line>
    <P Name="Name">thl_est</P>
    <P Name="ZOrder">57</P>
    <P Name="Labels">[0, 0]</P>
    <P Name="Src">65#out:1</P>
    <P Name="Points">[-19, 0; 0, -190]</P>
    <P Name="Dst">38#in:3</P>
  </Line>
  <Line>
    <P Name="Name">wl_est</P>
    <P Name="ZOrder">58</P>
    <P Name="Labels">[0, 0]</P>
    <P Name="Src">65#out:2</P>
    <P Name="Points">[-39, 0; 0, -230]</P>
    <P Name="Dst">38#in:2</P>
  </Line>
  <Line>
    <P Name="ZOrder">71</P>
    <P Name="Src">66#out:1</P>
    <P Name="Points">[-15, 0]</P>
    <Branch>
      <P Name="ZOrder">84</P>
      <P Name="Dst">74#in:1</P>
    </Branch>
    <Branch>
      <P Name="ZOrder">83</P>
      <P Name="Points">[0, -110]</P>
      <P Name="Dst">64#in:1</P>
    </Branch>
  </Line>
  <Line>
    <P Name="ZOrder">75</P>
    <P Name="Src">73#out:1</P>
    <P Name="Dst">65#in:1</P>
  </Line>
  <Line>
    <P Name="ZOrder">79</P>
    <P Name="Src">74#out:1</P>
    <P Name="Dst">73#in:2</P>
  </Line>
  <Line>
    <P Name="ZOrder">77</P>
    <P Name="Src">64#out:1</P>
    <P Name="Points">[-12, 0; 0, 95]</P>
    <P Name="Dst">73#in:1</P>
  </Line>
  <Line>
    <P Name="Name">wl [rpm]</P>
    <P Name="ZOrder">93</P>
    <P Name="Labels">[0, 0]</P>
    <P Name="Src">145#out:1</P>
    <P Name="Dst">90#in:1</P>
  </Line>
  <Line>
    <P Name="ZOrder">94</P>
    <P Name="Src">86#out:1</P>
    <P Name="Dst">133#in:1</P>
  </Line>
  <Line>
    <P Name="Name">wl [degs]</P>
    <P Name="ZOrder">95</P>
    <P Name="Labels">[1, 1]</P>
    <P Name="Src">142#out:1</P>
    <P Name="Dst">145#in:1</P>
  </Line>
  <Line>
    <P Name="ZOrder">99</P>
    <P Name="Src">83#out:1</P>
    <P Name="Dst">133#in:2</P>
  </Line>
  <Line>
    <P Name="Name">acc[rpm/s]</P>
    <P Name="ZOrder">100</P>
    <P Name="Labels">[1, 1]</P>
    <P Name="Src">76#out:1</P>
    <P Name="Dst">92#in:1</P>
  </Line>
  <Line>
    <P Name="ZOrder">105</P>
    <P Name="Src">84#out:1</P>
    <P Name="Dst">142#in:1</P>
  </Line>
  <Line>
    <P Name="Name">acc [rpms]</P>
    <P Name="ZOrder">106</P>
    <P Name="Labels">[-1, 0]</P>
    <P Name="Src">82#out:1</P>
    <P Name="Dst">141#in:3</P>
  </Line>
  <Line>
    <P Name="Name">wl [rpm]</P>
    <P Name="ZOrder">107</P>
    <P Name="Labels">[-1, 0]</P>
    <P Name="Src">85#out:1</P>
    <P Name="Dst">141#in:2</P>
  </Line>
  <Line>
    <P Name="Name">thl_meas [deg]</P>
    <P Name="ZOrder">108</P>
    <P Name="Labels">[-1, 0]</P>
    <P Name="Src">133#out:1</P>
    <P Name="Dst">141#in:1</P>
  </Line>
  <Line>
    <P Name="Name">u [V]</P>
    <P Name="ZOrder">112</P>
    <P Name="Labels">[0, 0; -1, 0]</P>
    <P Name="Src">78#out:1</P>
    <P Name="Dst">141#in:4</P>
  </Line>
  <Line>
    <P Name="ZOrder">113</P>
    <P Name="Src">80#out:1</P>
    <P Name="Dst">76#in:1</P>
  </Line>
  <Line>
    <P Name="ZOrder">166</P>
    <P Name="Src">225#out:1</P>
    <P Name="Dst">224#in:1</P>
  </Line>
  <Line>
    <P Name="Name">u [V]</P>
    <P Name="ZOrder">167</P>
    <P Name="Labels">[1, 1]</P>
    <P Name="Src">223#out:1</P>
    <P Name="Dst">225#in:1</P>
  </Line>
</System>
