<?xml version="1.0" encoding="utf-8"?>
<System>
  <P Name="Location">[-6, 0, 950, 830]</P>
  <P Name="SystemRect">[0.000000, 0.000000, 0.000000, 0.000000]</P>
  <P Name="SetExecutionDomain">off</P>
  <P Name="ExecutionDomainType">Deduce</P>
  <P Name="ZoomFactor">50</P>
  <P Name="SimulinkSubDomain">Simulink</P>
  <Block BlockType="Inport" Name="u[V]" SID="259">
    <P Name="Position">[20, 73, 50, 87]</P>
    <P Name="ZOrder">3</P>
  </Block>
  <Block BlockType="TransferFcn" Name="Driver Dynamics" SID="260">
    <P Name="Position">[85, 22, 230, 138]</P>
    <P Name="ZOrder">1</P>
    <P Name="Numerator">drv.dcgain</P>
    <P Name="Denominator">[drv.Tc 1]</P>
  </Block>
  <Block BlockType="Saturate" Name="Driver Saturation" SID="261">
    <P Name="Position">[270, 50, 330, 110]</P>
    <P Name="ZOrder">2</P>
    <P Name="UpperLimit">12</P>
    <P Name="LowerLimit">-12</P>
  </Block>
  <Block BlockType="Outport" Name="udrv[V]" SID="262">
    <P Name="Position">[350, 73, 380, 87]</P>
    <P Name="ZOrder">4</P>
  </Block>
  <Line>
    <P Name="ZOrder">1</P>
    <P Name="Src">259#out:1</P>
    <P Name="Dst">260#in:1</P>
  </Line>
  <Line>
    <P Name="ZOrder">2</P>
    <P Name="Src">261#out:1</P>
    <P Name="Dst">262#in:1</P>
  </Line>
  <Line>
    <P Name="ZOrder">3</P>
    <P Name="Src">260#out:1</P>
    <P Name="Dst">261#in:1</P>
  </Line>
</System>
