<?xml version="1.0" encoding="utf-8"?>
<System>
  <P Name="Location">[450, 7, 1232, 744]</P>
  <P Name="SystemRect">[0.000000, 0.000000, 0.000000, 0.000000]</P>
  <P Name="SetExecutionDomain">off</P>
  <P Name="ExecutionDomainType">Deduce</P>
  <P Name="ZoomFactor">80</P>
  <P Name="SimulinkSubDomain">Simulink</P>
  <Block BlockType="Inport" Name="In [V]" SID="226">
    <P Name="Position">[-65, 53, -35, 67]</P>
    <P Name="ZOrder">476</P>
    <Port>
      <P Name="PortNumber">1</P>
      <P Name="Name">in [V]</P>
      <P Name="PropagatedSignals">u [V]</P>
    </Port>
  </Block>
  <Block BlockType="SubSystem" Name="DAC" SID="227">
    <P Name="Ports">[1, 1]</P>
    <P Name="Position">[70, 30, 135, 90]</P>
    <P Name="ZOrder">482</P>
    <P Name="RequestExecContextInheritance">off</P>
    <P Name="ContentPreviewEnabled">on</P>
    <Mask>
      <Display IconFrame="off" RunInitForIconRedraw="off"/>
    </Mask>
    <System Ref="system_227"/>
  </Block>
  <Block BlockType="SubSystem" Name="DC Motor + Gearbox" SID="233">
    <P Name="Ports">[1, 2]</P>
    <P Name="Position">[295, 22, 375, 98]</P>
    <P Name="ZOrder">473</P>
    <P Name="RequestExecContextInheritance">off</P>
    <P Name="ContentPreviewEnabled">on</P>
    <Mask>
      <Display IconFrame="off" RunInitForIconRedraw="off"/>
    </Mask>
    <Port>
      <P Name="PortNumber">1</P>
      <P Name="Name">thl</P>
    </Port>
    <Port>
      <P Name="PortNumber">2</P>
      <P Name="Name">wl</P>
    </Port>
    <System Ref="system_233"/>
  </Block>
  <Block BlockType="SubSystem" Name="Subsystem" SID="251">
    <P Name="Ports">[1, 1]</P>
    <P Name="Position">[170, 172, 280, 238]</P>
    <P Name="ZOrder">472</P>
    <P Name="BlockMirror">on</P>
    <P Name="RequestExecContextInheritance">off</P>
    <P Name="ContentPreviewEnabled">on</P>
    <Mask>
      <Display IconFrame="off" RunInitForIconRedraw="off"/>
    </Mask>
    <System Ref="system_251"/>
  </Block>
  <Block BlockType="Terminator" Name="Terminator1" SID="257">
    <P Name="Position">[425, 70, 445, 90]</P>
    <P Name="ZOrder">475</P>
  </Block>
  <Block BlockType="SubSystem" Name="Voltage Driver" SID="258">
    <P Name="Ports">[1, 1]</P>
    <P Name="Position">[185, 32, 245, 88]</P>
    <P Name="ZOrder">483</P>
    <P Name="RequestExecContextInheritance">off</P>
    <P Name="ContentPreviewEnabled">on</P>
    <Mask>
      <Display IconFrame="off" RunInitForIconRedraw="off"/>
    </Mask>
    <System Ref="system_258"/>
  </Block>
  <Block BlockType="Outport" Name="thl[pulses]" SID="263">
    <P Name="Position">[-65, 198, -35, 212]</P>
    <P Name="ZOrder">477</P>
    <P Name="BlockMirror">on</P>
  </Block>
  <Line>
    <P Name="Name">in [V]</P>
    <P Name="ZOrder">1</P>
    <P Name="Labels">[1, 1]</P>
    <P Name="Src">226#out:1</P>
    <P Name="Dst">227#in:1</P>
  </Line>
  <Line>
    <P Name="Name">thl</P>
    <P Name="ZOrder">2</P>
    <P Name="Labels">[0, 0]</P>
    <P Name="Src">233#out:1</P>
    <P Name="Points">[98, 0; 0, 165]</P>
    <P Name="Dst">251#in:1</P>
  </Line>
  <Line>
    <P Name="ZOrder">3</P>
    <P Name="Src">227#out:1</P>
    <P Name="Dst">258#in:1</P>
  </Line>
  <Line>
    <P Name="Name">wl</P>
    <P Name="ZOrder">4</P>
    <P Name="Labels">[0, 0]</P>
    <P Name="Src">233#out:2</P>
    <P Name="Dst">257#in:1</P>
  </Line>
  <Line>
    <P Name="ZOrder">5</P>
    <P Name="Src">251#out:1</P>
    <P Name="Dst">263#in:1</P>
  </Line>
  <Line>
    <P Name="ZOrder">6</P>
    <P Name="Src">258#out:1</P>
    <P Name="Dst">233#in:1</P>
  </Line>
</System>
