<?xml version="1.0" encoding="UTF-8"?>
<sltp_graph version="1.1" packageUris="http://schema.mathworks.com/mf0/sltp_mm/R2020b_202003251737">
  <sltp.mm.core.Context type="sltp.mm.core.Context" uuid="1f106943-8f9a-47a1-a136-3a7bf6d85858">
    <priorityDirection>HighNumberLast</priorityDirection>
    <editorState type="sltp.mm.core.EditorState" uuid="7c09ce62-97fa-4f90-81c8-381fea60607b">
      <isSynchronized>true</isSynchronized>
    </editorState>
    <rootTask type="sltp.mm.core.Task" uuid="f8293cbc-707c-4e0a-8a43-6abd7026fcef">
      <context type="sltp.mm.core.Context" uuid="1f106943-8f9a-47a1-a136-3a7bf6d85858"/>
      <explicit>false</explicit>
      <name>Default</name>
      <priority>-2147483648</priority>
      <subgraph type="sltp.mm.core.Graph" uuid="10279241-dde4-4203-9a59-af0754972293">
        <tasks type="sltp.mm.core.Task" uuid="7111b008-66e7-42d9-9652-e270d300d518">
          <baseTask>true</baseTask>
          <context type="sltp.mm.core.Context" uuid="1f106943-8f9a-47a1-a136-3a7bf6d85858"/>
          <explicit>false</explicit>
          <id>1</id>
          <isTimed>true</isTimed>
          <name>Cont</name>
          <priority>40</priority>
          <rates type="sltp.mm.core.Rate" uuid="5a374692-f686-44ad-8e83-7f5be4500d36">
            <annotation>Cont</annotation>
            <color>255</color>
            <hasBlocks>true</hasBlocks>
            <rateSpec type="sltp.mm.core.RateSpec">
              <period>0.0</period>
            </rateSpec>
            <sti>0</sti>
          </rates>
          <rates type="sltp.mm.core.Rate" uuid="564c125d-f52b-4c15-a6b5-3e339689a6de">
            <annotation>FiM</annotation>
            <color>-2139062017</color>
            <hasBlocks>true</hasBlocks>
            <rateSpec type="sltp.mm.core.RateSpec">
              <offset>1.0</offset>
              <period>0.0</period>
            </rateSpec>
            <sti>1</sti>
          </rates>
          <rates type="sltp.mm.core.Rate" uuid="847923c7-9542-49f7-85d8-6f9bcf44e8af">
            <annotation>D1</annotation>
            <color>-436207361</color>
            <hasBlocks>true</hasBlocks>
            <rateSpec type="sltp.mm.core.RateSpec">
              <period>.001</period>
            </rateSpec>
            <sti>2</sti>
          </rates>
          <rates type="sltp.mm.core.Rate" uuid="223496ff-05fc-4ca7-abc3-dc5acbd3d35e">
            <annotation>D2</annotation>
            <color>13697279</color>
            <hasBlocks>true</hasBlocks>
            <rateSpec type="sltp.mm.core.RateSpec">
              <period>.05</period>
            </rateSpec>
            <sti>3</sti>
          </rates>
        </tasks>
      </subgraph>
    </rootTask>
  </sltp.mm.core.Context>
</sltp_graph>