<?xml version="1.0" encoding="utf-8"?>
<System>
  <P Name="Location">[768, 412, 1536, 824]</P>
  <P Name="SystemRect">[0.000000, 0.000000, 0.000000, 0.000000]</P>
  <P Name="SetExecutionDomain">off</P>
  <P Name="ExecutionDomainType">Deduce</P>
  <P Name="ZoomFactor">48</P>
  <P Name="SimulinkSubDomain">Simulink</P>
  <Block BlockType="Inport" Name="udrv[V]" SID="277">
    <P Name="Position">[-55, 103, -25, 117]</P>
    <P Name="ZOrder">-1</P>
  </Block>
  <Block BlockType="TransferFcn" Name="Eletrical&#xA;Dynamics" SID="278">
    <P Name="Position">[50, 92, 110, 128]</P>
    <P Name="ZOrder">4</P>
    <P Name="Denominator">[mot.L, mot.R+sens.curr.Rs]</P>
    <Port>
      <P Name="PortNumber">1</P>
      <P Name="Name">ia</P>
    </Port>
  </Block>
  <Block BlockType="Integrator" Name="Integrator" SID="279">
    <P Name="Ports">[1, 1]</P>
    <P Name="Position">[495, 95, 525, 125]</P>
    <P Name="ZOrder">9</P>
    <Port>
      <P Name="PortNumber">1</P>
      <P Name="Name">thl</P>
    </Port>
  </Block>
  <Block BlockType="TransferFcn" Name="Mechanical &#xA;Dynamics" SID="280">
    <P Name="Position">[275, 91, 335, 129]</P>
    <P Name="ZOrder">8</P>
    <P Name="Denominator">[Jeq_hat, Beq_hat]</P>
    <Port>
      <P Name="PortNumber">1</P>
      <P Name="Name">wm</P>
    </Port>
  </Block>
  <Block BlockType="Signum" Name="Sign" SID="281">
    <P Name="Position">[370, -30, 400, 0]</P>
    <P Name="ZOrder">14</P>
    <P Name="BlockMirror">on</P>
    <P Name="ZeroCross">off</P>
  </Block>
  <Block BlockType="Sum" Name="Sum" SID="282">
    <P Name="Ports">[2, 1]</P>
    <P Name="Position">[5, 100, 25, 120]</P>
    <P Name="ZOrder">1</P>
    <P Name="ShowName">off</P>
    <P Name="Inputs">|+-</P>
  </Block>
  <Block BlockType="Sum" Name="Sum1" SID="283">
    <P Name="Ports">[2, 1]</P>
    <P Name="Position">[220, 100, 240, 120]</P>
    <P Name="ZOrder">5</P>
    <P Name="ShowName">off</P>
    <P Name="Inputs">-+|</P>
  </Block>
  <Block BlockType="Gain" Name="current2torque" SID="284">
    <P Name="Position">[155, 95, 185, 125]</P>
    <P Name="ZOrder">3</P>
    <P Name="Gain">mot.Kt</P>
    <Port>
      <P Name="PortNumber">1</P>
      <P Name="Name">taum</P>
    </Port>
  </Block>
  <Block BlockType="Gain" Name="load2rotor" SID="285">
    <P Name="Position">[215, 25, 245, 55]</P>
    <P Name="ZOrder">6</P>
    <P Name="BlockRotation">270</P>
    <P Name="BlockMirror">on</P>
    <P Name="NameLocation">left</P>
    <P Name="Gain">1/ gbox.N</P>
  </Block>
  <Block BlockType="Gain" Name="rad2deg" SID="286">
    <P Name="Position">[580, 95, 610, 125]</P>
    <P Name="ZOrder">10</P>
    <P Name="Gain">rad2deg</P>
  </Block>
  <Block BlockType="Gain" Name="rad2rpm&#xA;" SID="287">
    <P Name="Position">[580, 190, 610, 220]</P>
    <P Name="ZOrder">11</P>
    <P Name="Gain">rads2rpm</P>
  </Block>
  <Block BlockType="Gain" Name="rotor2load" SID="288">
    <P Name="Position">[395, 95, 425, 125]</P>
    <P Name="ZOrder">7</P>
    <P Name="Gain">1/gbox.N</P>
    <Port>
      <P Name="PortNumber">1</P>
      <P Name="Name">wl</P>
    </Port>
  </Block>
  <Block BlockType="Gain" Name="speed2voltage" SID="289">
    <P Name="Position">[170, 210, 200, 240]</P>
    <P Name="ZOrder">2</P>
    <P Name="BlockMirror">on</P>
    <P Name="Gain">mot.Ke</P>
    <Port>
      <P Name="PortNumber">1</P>
      <P Name="Name">ue</P>
    </Port>
  </Block>
  <Block BlockType="Gain" Name="static friction&#xA;amplitude" SID="290">
    <P Name="Position">[305, -30, 335, 0]</P>
    <P Name="ZOrder">13</P>
    <P Name="BlockMirror">on</P>
    <P Name="Gain">tau_hat</P>
  </Block>
  <Block BlockType="Outport" Name="thl[deg]" SID="291">
    <P Name="Position">[640, 103, 670, 117]</P>
    <P Name="ZOrder">-2</P>
    <P Name="VectorParamsAs1DForOutWhenUnconnected">off</P>
  </Block>
  <Block BlockType="Outport" Name="w[rpm]" SID="292">
    <P Name="Position">[640, 198, 670, 212]</P>
    <P Name="ZOrder">12</P>
    <P Name="Port">2</P>
    <P Name="VectorParamsAs1DForOutWhenUnconnected">off</P>
  </Block>
  <Line>
    <P Name="Name">ia</P>
    <P Name="ZOrder">1</P>
    <P Name="Labels">[-1, 0]</P>
    <P Name="Src">278#out:1</P>
    <P Name="Dst">284#in:1</P>
  </Line>
  <Line>
    <P Name="ZOrder">2</P>
    <P Name="Src">277#out:1</P>
    <P Name="Dst">282#in:1</P>
  </Line>
  <Line>
    <P Name="ZOrder">3</P>
    <P Name="Src">282#out:1</P>
    <P Name="Dst">278#in:1</P>
  </Line>
  <Line>
    <P Name="Name">taum</P>
    <P Name="ZOrder">4</P>
    <P Name="Labels">[1, 1]</P>
    <P Name="Src">284#out:1</P>
    <P Name="Dst">283#in:2</P>
  </Line>
  <Line>
    <P Name="ZOrder">5</P>
    <P Name="Src">283#out:1</P>
    <P Name="Dst">280#in:1</P>
  </Line>
  <Line>
    <P Name="Name">wm</P>
    <P Name="ZOrder">6</P>
    <P Name="Labels">[0, 0]</P>
    <P Name="Src">280#out:1</P>
    <P Name="Points">[19, 0]</P>
    <Branch>
      <P Name="ZOrder">7</P>
      <P Name="Dst">288#in:1</P>
    </Branch>
    <Branch>
      <P Name="ZOrder">8</P>
      <P Name="Points">[0, 115]</P>
      <P Name="Dst">289#in:1</P>
    </Branch>
  </Line>
  <Line>
    <P Name="Name">wl</P>
    <P Name="ZOrder">9</P>
    <P Name="Src">288#out:1</P>
    <P Name="Points">[14, 0]</P>
    <Branch>
      <P Name="ZOrder">10</P>
      <P Name="Labels">[1, 1]</P>
      <P Name="Dst">279#in:1</P>
    </Branch>
    <Branch>
      <P Name="ZOrder">11</P>
      <P Name="Points">[0, 95]</P>
      <P Name="Dst">287#in:1</P>
    </Branch>
    <Branch>
      <P Name="ZOrder">12</P>
      <P Name="Points">[0, -125]</P>
      <P Name="Dst">281#in:1</P>
    </Branch>
  </Line>
  <Line>
    <P Name="Name">thl</P>
    <P Name="ZOrder">13</P>
    <P Name="Labels">[1, 1]</P>
    <P Name="Src">279#out:1</P>
    <P Name="Dst">286#in:1</P>
  </Line>
  <Line>
    <P Name="ZOrder">14</P>
    <P Name="Labels">[0, 0]</P>
    <P Name="Src">286#out:1</P>
    <P Name="Dst">291#in:1</P>
  </Line>
  <Line>
    <P Name="ZOrder">15</P>
    <P Name="Src">287#out:1</P>
    <P Name="Dst">292#in:1</P>
  </Line>
  <Line>
    <P Name="ZOrder">16</P>
    <P Name="Src">290#out:1</P>
    <P Name="Points">[-70, 0]</P>
    <P Name="Dst">285#in:1</P>
  </Line>
  <Line>
    <P Name="ZOrder">17</P>
    <P Name="Src">281#out:1</P>
    <P Name="Dst">290#in:1</P>
  </Line>
  <Line>
    <P Name="Name">ue</P>
    <P Name="ZOrder">18</P>
    <P Name="Labels">[0, 0]</P>
    <P Name="Src">289#out:1</P>
    <P Name="Points">[-150, 0]</P>
    <P Name="Dst">282#in:2</P>
  </Line>
  <Line>
    <P Name="ZOrder">19</P>
    <P Name="Src">285#out:1</P>
    <P Name="Dst">283#in:1</P>
  </Line>
  <Annotation SID="293">
    <P Name="Name">            Static friction</P>
    <P Name="Position">[275, -55, 425, 35]</P>
    <P Name="InternalMargins">[0, 0, 0, 0]</P>
    <P Name="FixedHeight">on</P>
    <P Name="FixedWidth">on</P>
    <P Name="ForegroundColor">white</P>
    <P Name="DropShadow">on</P>
    <P Name="AnnotationType">area_annotation</P>
    <P Name="ZOrder">-1</P>
    <P Name="FontSize">12</P>
  </Annotation>
</System>
