<?xml version="1.0" encoding="utf-8"?>
<System>
  <P Name="Location">[235, 4, 1313, 741]</P>
  <P Name="SystemRect">[0.000000, 0.000000, 0.000000, 0.000000]</P>
  <P Name="Open">on</P>
  <P Name="SetExecutionDomain">off</P>
  <P Name="ExecutionDomainType">Deduce</P>
  <P Name="SimulinkSubDomain">Simulink</P>
  <Block BlockType="Inport" Name="y[deg]" SID="67">
    <P Name="Position">[-195, 203, -165, 217]</P>
    <P Name="ZOrder">88</P>
  </Block>
  <Block BlockType="Inport" Name="thl_ref[deg]" SID="39">
    <P Name="Position">[-175, -37, -145, -23]</P>
    <P Name="ZOrder">-1</P>
    <P Name="Port">2</P>
  </Block>
  <Block BlockType="Inport" Name="thl[deg]" SID="42">
    <P Name="Position">[705, 188, 735, 202]</P>
    <P Name="ZOrder">2</P>
    <P Name="BlockMirror">on</P>
    <P Name="Port">3</P>
  </Block>
  <Block BlockType="Inport" Name="wl[rpm]" SID="43">
    <P Name="Position">[705, 238, 735, 252]</P>
    <P Name="ZOrder">3</P>
    <P Name="BlockMirror">on</P>
    <P Name="Port">4</P>
  </Block>
  <Block BlockType="Delay" Name="Delay" SID="79">
    <P Name="Ports">[1, 1]</P>
    <P Name="Position">[205, 108, 240, 142]</P>
    <P Name="ZOrder">95</P>
    <P Name="BlockMirror">on</P>
    <P Name="InputPortMap">u0</P>
    <P Name="DelayLength">1</P>
    <P Name="InitialCondition">0</P>
  </Block>
  <Block BlockType="Delay" Name="Delay1" SID="80">
    <P Name="Ports">[1, 1]</P>
    <P Name="Position">[83, 140, 117, 175]</P>
    <P Name="ZOrder">96</P>
    <P Name="BlockRotation">270</P>
    <P Name="NameLocation">left</P>
    <P Name="InputPortMap">u0</P>
    <P Name="DelayLength">1</P>
    <P Name="InitialCondition">0</P>
  </Block>
  <Block BlockType="Delay" Name="Delay2" SID="218">
    <P Name="Ports">[1, 1]</P>
    <P Name="Position">[195, 568, 230, 602]</P>
    <P Name="ZOrder">123</P>
    <P Name="BlockMirror">on</P>
    <P Name="InputPortMap">u0</P>
    <P Name="DelayLength">1</P>
    <P Name="InitialCondition">0</P>
  </Block>
  <Block BlockType="Delay" Name="Delay3" SID="219">
    <P Name="Ports">[1, 1]</P>
    <P Name="Position">[73, 600, 107, 635]</P>
    <P Name="ZOrder">124</P>
    <P Name="BlockRotation">270</P>
    <P Name="NameLocation">left</P>
    <P Name="InputPortMap">u0</P>
    <P Name="DelayLength">1</P>
    <P Name="InitialCondition">0</P>
  </Block>
  <Block BlockType="DiscreteIntegrator" Name="Discrete-Time&#xA;Integrator1" SID="220">
    <P Name="Ports">[1, 1]</P>
    <P Name="Position">[210, 503, 260, 547]</P>
    <P Name="ZOrder">125</P>
    <P Name="gainval">Ki</P>
    <P Name="InitialConditionSetting">Auto</P>
    <P Name="SampleTime">T</P>
    <P Name="ICPrevOutput">DiscIntNeverNeededParam</P>
    <P Name="ICPrevScaledInput">DiscIntNeverNeededParam</P>
  </Block>
  <Block BlockType="TransferFcn" Name="High-pass filter1" SID="120">
    <P Name="Position">[220, 43, 270, 87]</P>
    <P Name="ZOrder">103</P>
    <P Name="Numerator">Ki</P>
    <P Name="Denominator">[1 0]</P>
  </Block>
  <Block BlockType="Gain" Name="Input feedforward" SID="50">
    <P Name="Position">[25, -145, 55, -115]</P>
    <P Name="ZOrder">55</P>
    <P Name="Gain">N_u</P>
  </Block>
  <Block BlockType="Gain" Name="Input feedforward1" SID="222">
    <P Name="Position">[15, 315, 45, 345]</P>
    <P Name="ZOrder">113</P>
    <P Name="Gain">N_u</P>
  </Block>
  <Block BlockType="Gain" Name="K_w" SID="70">
    <P Name="Position">[290, 110, 320, 140]</P>
    <P Name="ZOrder">92</P>
    <P Name="BlockMirror">on</P>
    <P Name="Gain">ctrl.Kw</P>
  </Block>
  <Block BlockType="Gain" Name="K_w1" SID="223">
    <P Name="Position">[280, 570, 310, 600]</P>
    <P Name="ZOrder">121</P>
    <P Name="BlockMirror">on</P>
    <P Name="Gain">ctrl.Kw</P>
  </Block>
  <Block BlockType="Mux" Name="Mux" SID="52">
    <P Name="Ports">[2, 1]</P>
    <P Name="Position">[620, 168, 625, 272]</P>
    <P Name="ZOrder">57</P>
    <P Name="BlockMirror">on</P>
    <P Name="Inputs">2</P>
    <P Name="DisplayOption">bar</P>
  </Block>
  <Block BlockType="Saturate" Name="Saturation" SID="51">
    <P Name="Position">[385, -45, 415, -15]</P>
    <P Name="ZOrder">56</P>
    <P Name="HideAutomaticName">off</P>
    <P Name="UpperLimit">10</P>
    <P Name="LowerLimit">-10</P>
  </Block>
  <Block BlockType="Saturate" Name="Saturation1" SID="225">
    <P Name="Position">[375, 415, 405, 445]</P>
    <P Name="ZOrder">114</P>
    <P Name="HideAutomaticName">off</P>
    <P Name="UpperLimit">10</P>
    <P Name="LowerLimit">-10</P>
  </Block>
  <Block BlockType="Scope" Name="Scope" SID="69">
    <P Name="Ports">[2]</P>
    <P Name="Position">[445, -119, 475, -86]</P>
    <P Name="ZOrder">90</P>
    <P Name="ScopeSpecificationString">Simulink.scopes.TimeScopeBlockCfg(&apos;CurrentConfiguration&apos;, extmgr.ConfigurationSet(extmgr.Configuration(&apos;Core&apos;,&apos;General UI&apos;,true),extmgr.Configuration(&apos;Core&apos;,&apos;Source UI&apos;,true),extmgr.Configuration(&apos;Sources&apos;,&apos;WiredSimulink&apos;,true,&apos;DataLoggingVariableName&apos;,&apos;ScopeData1&apos;),extmgr.Configuration(&apos;Visuals&apos;,&apos;Time Domain&apos;,true,&apos;SerializedDisplays&apos;,{struct(&apos;MinYLimReal&apos;,&apos;-133.74259&apos;,&apos;MaxYLimReal&apos;,&apos;143.61375&apos;,&apos;YLabelReal&apos;,&apos;&apos;,&apos;MinYLimMag&apos;,&apos; 0.00000&apos;,&apos;MaxYLimMag&apos;,&apos;143.61375&apos;,&apos;LegendVisibility&apos;,&apos;off&apos;,&apos;XGrid&apos;,true,&apos;YGrid&apos;,true,&apos;PlotMagPhase&apos;,false,&apos;AxesColor&apos;,[0 0 0],&apos;AxesTickColor&apos;,[0.686274509803922 0.686274509803922 0.686274509803922],&apos;ColorOrder&apos;,[1 1 0.0666666666666667;0.0745098039215686 0.623529411764706 1;1 0.411764705882353 0.16078431372549;0.392156862745098 0.831372549019608 0.0745098039215686;0.717647058823529 0.274509803921569 1;0.0588235294117647 1 1;1 0.0745098039215686 0.650980392156863],&apos;Title&apos;,&apos;%&lt;SignalLabel&gt;&apos;,&apos;LinePropertiesCache&apos;,{{}},&apos;UserDefinedChannelNames&apos;,{{}},&apos;NumLines&apos;,1,&apos;LineNames&apos;,{{&apos;Sum&apos;}},&apos;ShowContent&apos;,true,&apos;Placement&apos;,1),struct(&apos;MinYLimReal&apos;,&apos;-12.5&apos;,&apos;MaxYLimReal&apos;,&apos;12.5&apos;,&apos;YLabelReal&apos;,&apos;&apos;,&apos;MinYLimMag&apos;,&apos;0.00000&apos;,&apos;MaxYLimMag&apos;,&apos;46.34095&apos;,&apos;LegendVisibility&apos;,&apos;off&apos;,&apos;XGrid&apos;,true,&apos;YGrid&apos;,true,&apos;PlotMagPhase&apos;,false,&apos;AxesColor&apos;,[0 0 0],&apos;AxesTickColor&apos;,[0.686274509803922 0.686274509803922 0.686274509803922],&apos;ColorOrder&apos;,[1 1 0.0666666666666667;0.0745098039215686 0.623529411764706 1;1 0.411764705882353 0.16078431372549;0.392156862745098 0.831372549019608 0.0745098039215686;0.717647058823529 0.274509803921569 1;0.0588235294117647 1 1;1 0.0745098039215686 0.650980392156863],&apos;Title&apos;,&apos;%&lt;SignalLabel&gt;&apos;,&apos;LinePropertiesCache&apos;,{{}},&apos;UserDefinedChannelNames&apos;,{{}},&apos;NumLines&apos;,1,&apos;LineNames&apos;,{{&apos;Saturation&apos;}},&apos;ShowContent&apos;,true,&apos;Placement&apos;,2)},&apos;DisplayPropertyDefaults&apos;,struct(&apos;YLabelReal&apos;,&apos;&apos;,&apos;LegendVisibility&apos;,&apos;off&apos;,&apos;XGrid&apos;,true,&apos;YGrid&apos;,true,&apos;PlotMagPhase&apos;,false,&apos;AxesColor&apos;,[0 0 0],&apos;AxesTickColor&apos;,[0.686274509803922 0.686274509803922 0.686274509803922],&apos;ColorOrder&apos;,[0.0745098039215686 0.623529411764706 1;1 0.411764705882353 0.16078431372549;1 1 0.0666666666666667;0.717647058823529 0.274509803921569 1;0.392156862745098 0.831372549019608 0.0745098039215686;0.0588235294117647 1 1;1 0.0745098039215686 0.650980392156863]),&apos;DisplayLayoutDimensions&apos;,[2 1]),extmgr.Configuration(&apos;Tools&apos;,&apos;Plot Navigation&apos;,true,&apos;PreviousAutoscale&apos;,&apos;XY&apos;),extmgr.Configuration(&apos;Tools&apos;,&apos;Measurements&apos;,true,&apos;Version&apos;,&apos;2020b&apos;)),&apos;Version&apos;,&apos;2020b&apos;,&apos;Position&apos;,[427.4 205.8 560 420])</P>
    <P Name="NumInputPorts">2</P>
    <P Name="Floating">off</P>
  </Block>
  <Block BlockType="Scope" Name="Scope1" SID="226">
    <P Name="Ports">[2]</P>
    <P Name="Position">[435, 341, 465, 374]</P>
    <P Name="ZOrder">119</P>
    <P Name="ScopeSpecificationString">Simulink.scopes.TimeScopeBlockCfg(&apos;CurrentConfiguration&apos;, extmgr.ConfigurationSet(extmgr.Configuration(&apos;Core&apos;,&apos;General UI&apos;,true),extmgr.Configuration(&apos;Core&apos;,&apos;Source UI&apos;,true),extmgr.Configuration(&apos;Sources&apos;,&apos;WiredSimulink&apos;,true,&apos;DataLoggingVariableName&apos;,&apos;ScopeData1&apos;),extmgr.Configuration(&apos;Visuals&apos;,&apos;Time Domain&apos;,true,&apos;SerializedDisplays&apos;,{struct(&apos;MinYLimReal&apos;,&apos;-133.74259&apos;,&apos;MaxYLimReal&apos;,&apos;143.61375&apos;,&apos;YLabelReal&apos;,&apos;&apos;,&apos;MinYLimMag&apos;,&apos; 0.00000&apos;,&apos;MaxYLimMag&apos;,&apos;143.61375&apos;,&apos;LegendVisibility&apos;,&apos;off&apos;,&apos;XGrid&apos;,true,&apos;YGrid&apos;,true,&apos;PlotMagPhase&apos;,false,&apos;AxesColor&apos;,[0 0 0],&apos;AxesTickColor&apos;,[0.686274509803922 0.686274509803922 0.686274509803922],&apos;ColorOrder&apos;,[1 1 0.0666666666666667;0.0745098039215686 0.623529411764706 1;1 0.411764705882353 0.16078431372549;0.392156862745098 0.831372549019608 0.0745098039215686;0.717647058823529 0.274509803921569 1;0.0588235294117647 1 1;1 0.0745098039215686 0.650980392156863],&apos;Title&apos;,&apos;%&lt;SignalLabel&gt;&apos;,&apos;LinePropertiesCache&apos;,{{}},&apos;UserDefinedChannelNames&apos;,{{}},&apos;NumLines&apos;,1,&apos;LineNames&apos;,{{&apos;Sum&apos;}},&apos;ShowContent&apos;,true,&apos;Placement&apos;,1),struct(&apos;MinYLimReal&apos;,&apos;-12.5&apos;,&apos;MaxYLimReal&apos;,&apos;12.5&apos;,&apos;YLabelReal&apos;,&apos;&apos;,&apos;MinYLimMag&apos;,&apos;0.00000&apos;,&apos;MaxYLimMag&apos;,&apos;46.34095&apos;,&apos;LegendVisibility&apos;,&apos;off&apos;,&apos;XGrid&apos;,true,&apos;YGrid&apos;,true,&apos;PlotMagPhase&apos;,false,&apos;AxesColor&apos;,[0 0 0],&apos;AxesTickColor&apos;,[0.686274509803922 0.686274509803922 0.686274509803922],&apos;ColorOrder&apos;,[1 1 0.0666666666666667;0.0745098039215686 0.623529411764706 1;1 0.411764705882353 0.16078431372549;0.392156862745098 0.831372549019608 0.0745098039215686;0.717647058823529 0.274509803921569 1;0.0588235294117647 1 1;1 0.0745098039215686 0.650980392156863],&apos;Title&apos;,&apos;%&lt;SignalLabel&gt;&apos;,&apos;LinePropertiesCache&apos;,{{}},&apos;UserDefinedChannelNames&apos;,{{}},&apos;NumLines&apos;,1,&apos;LineNames&apos;,{{&apos;Saturation&apos;}},&apos;ShowContent&apos;,true,&apos;Placement&apos;,2)},&apos;DisplayPropertyDefaults&apos;,struct(&apos;YLabelReal&apos;,&apos;&apos;,&apos;LegendVisibility&apos;,&apos;off&apos;,&apos;XGrid&apos;,true,&apos;YGrid&apos;,true,&apos;PlotMagPhase&apos;,false,&apos;AxesColor&apos;,[0 0 0],&apos;AxesTickColor&apos;,[0.686274509803922 0.686274509803922 0.686274509803922],&apos;ColorOrder&apos;,[0.0745098039215686 0.623529411764706 1;1 0.411764705882353 0.16078431372549;1 1 0.0666666666666667;0.717647058823529 0.274509803921569 1;0.392156862745098 0.831372549019608 0.0745098039215686;0.0588235294117647 1 1;1 0.0745098039215686 0.650980392156863]),&apos;DisplayLayoutDimensions&apos;,[2 1]),extmgr.Configuration(&apos;Tools&apos;,&apos;Plot Navigation&apos;,true,&apos;PreviousAutoscale&apos;,&apos;XY&apos;),extmgr.Configuration(&apos;Tools&apos;,&apos;Measurements&apos;,true,&apos;Version&apos;,&apos;2020b&apos;)),&apos;Version&apos;,&apos;2020b&apos;,&apos;Position&apos;,[427.4 205.8 560 420])</P>
    <P Name="NumInputPorts">2</P>
    <P Name="Floating">off</P>
  </Block>
  <Block BlockType="Gain" Name="State feedback" SID="47">
    <P Name="Position">[185, -45, 215, -15]</P>
    <P Name="ZOrder">7</P>
    <P Name="Gain">[Ke(2),Ke(3)].&apos;</P>
    <P Name="Multiplication">Matrix(u*K)</P>
  </Block>
  <Block BlockType="Gain" Name="State feedback1" SID="227">
    <P Name="Position">[175, 415, 205, 445]</P>
    <P Name="ZOrder">111</P>
    <P Name="Gain">[Ke(2),Ke(3)].&apos;</P>
    <P Name="Multiplication">Matrix(u*K)</P>
  </Block>
  <Block BlockType="Gain" Name="State feedforward&#x9;" SID="45">
    <P Name="Position">[5, -45, 35, -15]</P>
    <P Name="ZOrder">5</P>
    <P Name="Gain">N_x</P>
    <P Name="Multiplication">Matrix(u*K)</P>
  </Block>
  <Block BlockType="Gain" Name="State feedforward&#x9;1" SID="228">
    <P Name="Position">[-5, 415, 25, 445]</P>
    <P Name="ZOrder">109</P>
    <P Name="Gain">N_x</P>
    <P Name="Multiplication">Matrix(u*K)</P>
  </Block>
  <Block BlockType="Sum" Name="Sum" SID="46">
    <P Name="Ports">[3, 1]</P>
    <P Name="Position">[290, -40, 320, -20]</P>
    <P Name="ZOrder">6</P>
    <P Name="Inputs">+|+|+</P>
  </Block>
  <Block BlockType="Sum" Name="Sum1" SID="65">
    <P Name="Ports">[2, 1]</P>
    <P Name="Position">[10, 55, 30, 75]</P>
    <P Name="ZOrder">86</P>
    <P Name="Inputs">|+-</P>
  </Block>
  <Block BlockType="Sum" Name="Sum2" SID="49">
    <P Name="Ports">[2, 1]</P>
    <P Name="Position">[90, -40, 110, -20]</P>
    <P Name="ZOrder">54</P>
    <P Name="Inputs">|+-</P>
  </Block>
  <Block BlockType="Sum" Name="Sum3" SID="71">
    <P Name="Ports">[2, 1]</P>
    <P Name="Position">[390, 45, 410, 65]</P>
    <P Name="ZOrder">91</P>
    <P Name="BlockRotation">270</P>
    <P Name="BlockMirror">on</P>
    <P Name="NameLocation">left</P>
    <P Name="Inputs">+|-</P>
  </Block>
  <Block BlockType="Sum" Name="Sum4" SID="72">
    <P Name="Ports">[2, 1]</P>
    <P Name="Position">[145, 55, 165, 75]</P>
    <P Name="ZOrder">94</P>
    <P Name="Inputs">|+-</P>
  </Block>
  <Block BlockType="Sum" Name="Sum5" SID="229">
    <P Name="Ports">[3, 1]</P>
    <P Name="Position">[280, 420, 310, 440]</P>
    <P Name="ZOrder">110</P>
    <P Name="Inputs">+|+|+</P>
  </Block>
  <Block BlockType="Sum" Name="Sum6" SID="230">
    <P Name="Ports">[2, 1]</P>
    <P Name="Position">[0, 515, 20, 535]</P>
    <P Name="ZOrder">116</P>
    <P Name="Inputs">|+-</P>
  </Block>
  <Block BlockType="Sum" Name="Sum7" SID="231">
    <P Name="Ports">[2, 1]</P>
    <P Name="Position">[80, 420, 100, 440]</P>
    <P Name="ZOrder">112</P>
    <P Name="Inputs">|+-</P>
  </Block>
  <Block BlockType="Sum" Name="Sum8" SID="232">
    <P Name="Ports">[2, 1]</P>
    <P Name="Position">[380, 505, 400, 525]</P>
    <P Name="ZOrder">120</P>
    <P Name="BlockRotation">270</P>
    <P Name="BlockMirror">on</P>
    <P Name="NameLocation">left</P>
    <P Name="Inputs">+|-</P>
  </Block>
  <Block BlockType="Sum" Name="Sum9" SID="233">
    <P Name="Ports">[2, 1]</P>
    <P Name="Position">[135, 515, 155, 535]</P>
    <P Name="ZOrder">122</P>
    <P Name="Inputs">|+-</P>
  </Block>
  <Block BlockType="Gain" Name="deg2rad" SID="44">
    <P Name="Position">[-100, -45, -70, -15]</P>
    <P Name="ZOrder">4</P>
    <P Name="Gain">deg2rad</P>
  </Block>
  <Block BlockType="Gain" Name="deg2rad1" SID="234">
    <P Name="Position">[-110, 415, -80, 445]</P>
    <P Name="ZOrder">108</P>
    <P Name="Gain">deg2rad</P>
  </Block>
  <Block BlockType="Gain" Name="deg2rads1" SID="68">
    <P Name="Position">[5, 165, 35, 195]</P>
    <P Name="ZOrder">89</P>
    <P Name="BlockRotation">270</P>
    <P Name="NameLocation">right</P>
    <P Name="Gain">deg2rad</P>
  </Block>
  <Block BlockType="Gain" Name="deg2rads2" SID="235">
    <P Name="Position">[-5, 625, 25, 655]</P>
    <P Name="ZOrder">118</P>
    <P Name="BlockRotation">270</P>
    <P Name="NameLocation">right</P>
    <P Name="Gain">deg2rad</P>
  </Block>
  <Block BlockType="Outport" Name="u[V]_cont" SID="40">
    <P Name="Position">[490, -37, 520, -23]</P>
    <P Name="ZOrder">-2</P>
  </Block>
  <Block BlockType="Outport" Name="u[V]_disc" SID="236">
    <P Name="Position">[480, 423, 510, 437]</P>
    <P Name="ZOrder">104</P>
    <P Name="Port">2</P>
  </Block>
  <Line>
    <P Name="ZOrder">5</P>
    <P Name="Src">44#out:1</P>
    <P Name="Points">[28, 0]</P>
    <Branch>
      <P Name="ZOrder">29</P>
      <P Name="Points">[0, 95]</P>
      <P Name="Dst">65#in:1</P>
    </Branch>
    <Branch>
      <P Name="ZOrder">12</P>
      <P Name="Points">[0, -100]</P>
      <P Name="Dst">50#in:1</P>
    </Branch>
    <Branch>
      <P Name="ZOrder">11</P>
      <P Name="Dst">45#in:1</P>
    </Branch>
  </Line>
  <Line>
    <P Name="ZOrder">8</P>
    <P Name="Src">47#out:1</P>
    <P Name="Dst">46#in:2</P>
  </Line>
  <Line>
    <P Name="ZOrder">9</P>
    <P Name="Src">45#out:1</P>
    <P Name="Dst">49#in:1</P>
  </Line>
  <Line>
    <P Name="ZOrder">10</P>
    <P Name="Src">49#out:1</P>
    <P Name="Dst">47#in:1</P>
  </Line>
  <Line>
    <P Name="ZOrder">13</P>
    <P Name="Src">50#out:1</P>
    <P Name="Points">[245, 0]</P>
    <P Name="Dst">46#in:1</P>
  </Line>
  <Line>
    <P Name="ZOrder">72</P>
    <P Name="Src">42#out:1</P>
    <P Name="Dst">52#in:1</P>
  </Line>
  <Line>
    <P Name="ZOrder">71</P>
    <P Name="Src">43#out:1</P>
    <P Name="Dst">52#in:2</P>
  </Line>
  <Line>
    <P Name="ZOrder">22</P>
    <P Name="Src">52#out:1</P>
    <P Name="Points">[-38, 0]</P>
    <Branch>
      <P Name="ZOrder">149</P>
      <P Name="Points">[-477, 0]</P>
      <P Name="Dst">80#in:1</P>
    </Branch>
    <Branch>
      <P Name="ZOrder">148</P>
      <P Name="Points">[0, 462; -487, 0]</P>
      <P Name="Dst">219#in:1</P>
    </Branch>
  </Line>
  <Line>
    <P Name="ZOrder">137</P>
    <P Name="Src">120#out:1</P>
    <P Name="Points">[30, 0]</P>
    <P Name="Dst">46#in:3</P>
  </Line>
  <Line>
    <P Name="ZOrder">55</P>
    <P Name="Src">65#out:1</P>
    <P Name="Dst">72#in:1</P>
  </Line>
  <Line>
    <P Name="ZOrder">35</P>
    <P Name="Src">68#out:1</P>
    <P Name="Dst">65#in:2</P>
  </Line>
  <Line>
    <P Name="ZOrder">15</P>
    <P Name="Src">51#out:1</P>
    <P Name="Points">[9, 0]</P>
    <Branch>
      <P Name="ZOrder">58</P>
      <P Name="Points">[0, 85]</P>
      <P Name="Dst">71#in:2</P>
    </Branch>
    <Branch>
      <P Name="ZOrder">48</P>
      <P Name="Points">[0, -65]</P>
      <P Name="Dst">69#in:2</P>
    </Branch>
    <Branch>
      <P Name="ZOrder">47</P>
      <P Name="Dst">40#in:1</P>
    </Branch>
  </Line>
  <Line>
    <P Name="ZOrder">52</P>
    <P Name="Src">71#out:1</P>
    <P Name="Points">[0, 55]</P>
    <P Name="Dst">70#in:1</P>
  </Line>
  <Line>
    <P Name="ZOrder">14</P>
    <P Name="Src">46#out:1</P>
    <P Name="Points">[39, 0]</P>
    <Branch>
      <P Name="ZOrder">57</P>
      <P Name="Points">[0, 85]</P>
      <P Name="Dst">71#in:1</P>
    </Branch>
    <Branch>
      <P Name="ZOrder">50</P>
      <P Name="Points">[0, -80]</P>
      <P Name="Dst">69#in:1</P>
    </Branch>
    <Branch>
      <P Name="ZOrder">49</P>
      <P Name="Dst">51#in:1</P>
    </Branch>
  </Line>
  <Line>
    <P Name="ZOrder">138</P>
    <P Name="Src">72#out:1</P>
    <P Name="Dst">120#in:1</P>
  </Line>
  <Line>
    <P Name="ZOrder">60</P>
    <P Name="Src">70#out:1</P>
    <P Name="Dst">79#in:1</P>
  </Line>
  <Line>
    <P Name="ZOrder">69</P>
    <P Name="Src">79#out:1</P>
    <P Name="Points">[-45, 0]</P>
    <P Name="Dst">72#in:2</P>
  </Line>
  <Line>
    <P Name="ZOrder">70</P>
    <P Name="Src">80#out:1</P>
    <P Name="Dst">49#in:2</P>
  </Line>
  <Line>
    <P Name="ZOrder">108</P>
    <P Name="Src">220#out:1</P>
    <P Name="Points">[30, 0]</P>
    <P Name="Dst">229#in:3</P>
  </Line>
  <Line>
    <P Name="ZOrder">109</P>
    <P Name="Src">232#out:1</P>
    <P Name="Points">[0, 55]</P>
    <P Name="Dst">223#in:1</P>
  </Line>
  <Line>
    <P Name="ZOrder">111</P>
    <P Name="Src">233#out:1</P>
    <P Name="Dst">220#in:1</P>
  </Line>
  <Line>
    <P Name="ZOrder">34</P>
    <P Name="Src">67#out:1</P>
    <P Name="Points">[8, 0]</P>
    <Branch>
      <P Name="ZOrder">143</P>
      <P Name="Dst">68#in:1</P>
    </Branch>
    <Branch>
      <P Name="ZOrder">142</P>
      <P Name="Points">[0, 469; 162, 0]</P>
      <P Name="Dst">235#in:1</P>
    </Branch>
  </Line>
  <Line>
    <P Name="ZOrder">114</P>
    <P Name="Src">235#out:1</P>
    <P Name="Dst">230#in:2</P>
  </Line>
  <Line>
    <P Name="ZOrder">115</P>
    <P Name="Src">223#out:1</P>
    <P Name="Dst">218#in:1</P>
  </Line>
  <Line>
    <P Name="ZOrder">119</P>
    <P Name="Src">229#out:1</P>
    <P Name="Points">[39, 0]</P>
    <Branch>
      <P Name="ZOrder">118</P>
      <P Name="Points">[0, 85]</P>
      <P Name="Dst">232#in:1</P>
    </Branch>
    <Branch>
      <P Name="ZOrder">117</P>
      <P Name="Points">[0, -80]</P>
      <P Name="Dst">226#in:1</P>
    </Branch>
    <Branch>
      <P Name="ZOrder">116</P>
      <P Name="Dst">225#in:1</P>
    </Branch>
  </Line>
  <Line>
    <P Name="ZOrder">120</P>
    <P Name="Src">230#out:1</P>
    <P Name="Dst">233#in:1</P>
  </Line>
  <Line>
    <P Name="ZOrder">124</P>
    <P Name="Src">225#out:1</P>
    <P Name="Points">[9, 0]</P>
    <Branch>
      <P Name="ZOrder">123</P>
      <P Name="Points">[0, 85]</P>
      <P Name="Dst">232#in:2</P>
    </Branch>
    <Branch>
      <P Name="ZOrder">122</P>
      <P Name="Points">[0, -65]</P>
      <P Name="Dst">226#in:2</P>
    </Branch>
    <Branch>
      <P Name="ZOrder">121</P>
      <P Name="Dst">236#in:1</P>
    </Branch>
  </Line>
  <Line>
    <P Name="ZOrder">125</P>
    <P Name="Src">222#out:1</P>
    <P Name="Points">[245, 0]</P>
    <P Name="Dst">229#in:1</P>
  </Line>
  <Line>
    <P Name="ZOrder">126</P>
    <P Name="Src">218#out:1</P>
    <P Name="Points">[-45, 0]</P>
    <P Name="Dst">233#in:2</P>
  </Line>
  <Line>
    <P Name="ZOrder">127</P>
    <P Name="Src">228#out:1</P>
    <P Name="Dst">231#in:1</P>
  </Line>
  <Line>
    <P Name="ZOrder">128</P>
    <P Name="Src">227#out:1</P>
    <P Name="Dst">229#in:2</P>
  </Line>
  <Line>
    <P Name="ZOrder">129</P>
    <P Name="Src">231#out:1</P>
    <P Name="Dst">227#in:1</P>
  </Line>
  <Line>
    <P Name="ZOrder">133</P>
    <P Name="Src">234#out:1</P>
    <P Name="Points">[28, 0]</P>
    <Branch>
      <P Name="ZOrder">132</P>
      <P Name="Points">[0, 95]</P>
      <P Name="Dst">230#in:1</P>
    </Branch>
    <Branch>
      <P Name="ZOrder">131</P>
      <P Name="Points">[0, -100]</P>
      <P Name="Dst">222#in:1</P>
    </Branch>
    <Branch>
      <P Name="ZOrder">130</P>
      <P Name="Dst">228#in:1</P>
    </Branch>
  </Line>
  <Line>
    <P Name="ZOrder">1</P>
    <P Name="Src">39#out:1</P>
    <P Name="Points">[14, 0]</P>
    <Branch>
      <P Name="ZOrder">140</P>
      <P Name="Points">[0, 460]</P>
      <P Name="Dst">234#in:1</P>
    </Branch>
    <Branch>
      <P Name="ZOrder">139</P>
      <P Name="Dst">44#in:1</P>
    </Branch>
  </Line>
  <Line>
    <P Name="ZOrder">136</P>
    <P Name="Src">219#out:1</P>
    <P Name="Dst">231#in:2</P>
  </Line>
</System>
