<?xml version="1.0" encoding="utf-8"?>
<System>
  <P Name="Location">[235, 4, 1313, 741]</P>
  <P Name="SystemRect">[0.000000, 0.000000, 0.000000, 0.000000]</P>
  <P Name="Open">on</P>
  <P Name="SetExecutionDomain">off</P>
  <P Name="ExecutionDomainType">Deduce</P>
  <P Name="ZoomFactor">71</P>
  <P Name="ReportName">simulink-default.rpt</P>
  <P Name="SIDHighWatermark">324</P>
  <P Name="SimulinkSubDomain">Simulink</P>
  <Block BlockType="TransferFcn" Name="Acceleration Filter1" SID="316">
    <P Name="Position">[220, 606, 305, 674]</P>
    <P Name="ZOrder">576</P>
    <P Name="Numerator">[numHwa]</P>
    <P Name="Denominator">[denHwa]</P>
    <Port>
      <P Name="PortNumber">1</P>
      <P Name="Name">acc[rpm/s]</P>
    </Port>
  </Block>
  <Block BlockType="Demux" Name="Demux" SID="73">
    <P Name="Ports">[1, 2]</P>
    <P Name="Position">[41, 265, 94, 270]</P>
    <P Name="ZOrder">77</P>
    <P Name="BlockRotation">270</P>
    <P Name="NameLocation">left</P>
    <P Name="Outputs">2</P>
    <Port>
      <P Name="PortNumber">1</P>
      <P Name="Name">thl_est</P>
    </Port>
    <Port>
      <P Name="PortNumber">2</P>
      <P Name="Name">wl_est</P>
    </Port>
  </Block>
  <Block BlockType="DiscreteStateSpace" Name="Discrete State-Space" SID="74">
    <P Name="Position">[185, 345, 285, 395]</P>
    <P Name="ZOrder">81</P>
    <P Name="BlockMirror">on</P>
    <P Name="A">PHI</P>
    <P Name="B">GAMMA</P>
    <P Name="C">H0</P>
    <P Name="D">J0</P>
    <P Name="SampleTime">T</P>
  </Block>
  <Block BlockType="From" Name="From1" SID="265">
    <P Name="Position">[600, 59, 665, 81]</P>
    <P Name="ZOrder">563</P>
    <P Name="GotoTag">u_control</P>
    <Port>
      <P Name="PortNumber">1</P>
      <P Name="Name">u [V]</P>
    </Port>
  </Block>
  <Block BlockType="From" Name="From10" SID="307">
    <P Name="Position">[770, 369, 835, 391]</P>
    <P Name="ZOrder">565</P>
    <P Name="BlockMirror">on</P>
    <P Name="GotoTag">thl_pulses</P>
  </Block>
  <Block BlockType="From" Name="From11" SID="309">
    <P Name="Position">[675, 639, 740, 661]</P>
    <P Name="ZOrder">573</P>
    <P Name="GotoTag">u_control</P>
    <Port>
      <P Name="PortNumber">1</P>
      <P Name="Name">u [V]</P>
    </Port>
  </Block>
  <Block BlockType="From" Name="From2" SID="317">
    <P Name="Position">[80, 629, 145, 651]</P>
    <P Name="ZOrder">577</P>
    <P Name="GotoTag">wl_rpm</P>
  </Block>
  <Block BlockType="From" Name="From3" SID="324">
    <P Name="Position">[70, 9, 135, 31]</P>
    <P Name="ZOrder">582</P>
    <P Name="GotoTag">thl_deg</P>
  </Block>
  <Block BlockType="From" Name="From4" SID="318">
    <P Name="Position">[80, 509, 145, 531]</P>
    <P Name="ZOrder">580</P>
    <P Name="GotoTag">thl_deg</P>
  </Block>
  <Block BlockType="From" Name="From5" SID="310">
    <P Name="Position">[675, 594, 740, 616]</P>
    <P Name="ZOrder">568</P>
    <P Name="GotoTag">acc_rpms</P>
    <Port>
      <P Name="PortNumber">1</P>
      <P Name="Name">acc [rpms]</P>
      <P Name="PropagatedSignals">acc[rpm/s]</P>
    </Port>
  </Block>
  <Block BlockType="From" Name="From6" SID="311">
    <P Name="Position">[675, 504, 740, 526]</P>
    <P Name="ZOrder">569</P>
    <P Name="GotoTag">thl_deg</P>
    <Port>
      <P Name="PortNumber">1</P>
      <P Name="Name">thl_meas [deg]</P>
      <P Name="PropagatedSignals">thl_meas</P>
    </Port>
  </Block>
  <Block BlockType="From" Name="From8" SID="312">
    <P Name="Position">[675, 549, 740, 571]</P>
    <P Name="ZOrder">572</P>
    <P Name="GotoTag">wl_rpm</P>
    <Port>
      <P Name="PortNumber">1</P>
      <P Name="Name">wl [rpm]</P>
    </Port>
  </Block>
  <Block BlockType="Goto" Name="Goto1" SID="266">
    <P Name="Position">[880, 59, 945, 81]</P>
    <P Name="ZOrder">562</P>
    <P Name="GotoTag">thl_pulses</P>
  </Block>
  <Block BlockType="Goto" Name="Goto2" SID="267">
    <P Name="Position">[455, 59, 520, 81]</P>
    <P Name="ZOrder">564</P>
    <P Name="GotoTag">u_control</P>
  </Block>
  <Block BlockType="Goto" Name="Goto3" SID="308">
    <P Name="Position">[770, 289, 835, 311]</P>
    <P Name="ZOrder">566</P>
    <P Name="GotoTag">thl_deg</P>
  </Block>
  <Block BlockType="Goto" Name="Goto4" SID="319">
    <P Name="Position">[475, 509, 540, 531]</P>
    <P Name="ZOrder">578</P>
    <P Name="GotoTag">wl_rpm</P>
  </Block>
  <Block BlockType="Goto" Name="Goto6" SID="320">
    <P Name="Position">[475, 629, 540, 651]</P>
    <P Name="ZOrder">579</P>
    <P Name="GotoTag">acc_rpms</P>
  </Block>
  <Block BlockType="SubSystem" Name="MOTOR MATHEMATICAL MODEL" SID="268">
    <P Name="Ports">[1, 1]</P>
    <P Name="Position">[715, 16, 830, 124]</P>
    <P Name="ZOrder">561</P>
    <P Name="RequestExecContextInheritance">off</P>
    <P Name="ContentPreviewEnabled">on</P>
    <Mask>
      <Display IconFrame="off" RunInitForIconRedraw="off"/>
    </Mask>
    <System Ref="system_268"/>
  </Block>
  <Block BlockType="ManualSwitch" Name="Manual Switch" SID="75">
    <P Name="Position">[110, 345, 145, 380]</P>
    <P Name="ZOrder">80</P>
    <P Name="BlockMirror">on</P>
    <P Name="CurrentSetting">0</P>
  </Block>
  <Block BlockType="ManualSwitch" Name="Manual Switch2" SID="237">
    <P Name="Position">[360, 50, 395, 85]</P>
    <P Name="ZOrder">487</P>
    <P Name="CurrentSetting">0</P>
  </Block>
  <Block BlockType="Mux" Name="Mux" SID="76">
    <P Name="Ports">[2, 1]</P>
    <P Name="Position">[360, 351, 365, 389]</P>
    <P Name="ZOrder">78</P>
    <P Name="BlockMirror">on</P>
    <P Name="Inputs">2</P>
    <P Name="DisplayOption">bar</P>
  </Block>
  <Block BlockType="Scope" Name="Scope1" SID="315">
    <P Name="Ports">[4]</P>
    <P Name="Position">[800, 491, 875, 674]</P>
    <P Name="ZOrder">567</P>
    <P Name="ScopeSpecificationString">Simulink.scopes.TimeScopeBlockCfg(&apos;CurrentConfiguration&apos;, extmgr.ConfigurationSet(extmgr.Configuration(&apos;Core&apos;,&apos;General UI&apos;,true),extmgr.Configuration(&apos;Core&apos;,&apos;Source UI&apos;,true),extmgr.Configuration(&apos;Sources&apos;,&apos;WiredSimulink&apos;,true,&apos;DataLogging&apos;,true,&apos;DataLoggingSaveFormat&apos;,&apos;StructureWithTime&apos;,&apos;DataLoggingVariableName&apos;,&apos;MotorData&apos;),extmgr.Configuration(&apos;Visuals&apos;,&apos;Time Domain&apos;,true,&apos;SerializedDisplays&apos;,{struct(&apos;MinYLimReal&apos;,&apos;-7.56&apos;,&apos;MaxYLimReal&apos;,&apos;68.04&apos;,&apos;YLabelReal&apos;,&apos;&apos;,&apos;MinYLimMag&apos;,&apos;0.00000&apos;,&apos;MaxYLimMag&apos;,&apos;68.04&apos;,&apos;LegendVisibility&apos;,&apos;On&apos;,&apos;XGrid&apos;,true,&apos;YGrid&apos;,true,&apos;PlotMagPhase&apos;,false,&apos;AxesColor&apos;,[0 0 0],&apos;AxesTickColor&apos;,[0.686274509803922 0.686274509803922 0.686274509803922],&apos;ColorOrder&apos;,[1 1 0.0666666666666667;0.0745098039215686 0.623529411764706 1;1 0.411764705882353 0.16078431372549;0.392156862745098 0.831372549019608 0.0745098039215686;0.717647058823529 0.274509803921569 1;0.0588235294117647 1 1;1 0.0745098039215686 0.650980392156863],&apos;Title&apos;,&apos;%&lt;SignalLabel&gt;&apos;,&apos;LinePropertiesCache&apos;,{{}},&apos;UserDefinedChannelNames&apos;,{{}},&apos;NumLines&apos;,1,&apos;LineNames&apos;,{{&apos;thl_meas [deg]&apos;}},&apos;ShowContent&apos;,true,&apos;Placement&apos;,1),struct(&apos;MinYLimReal&apos;,&apos;-299.5302&apos;,&apos;MaxYLimReal&apos;,&apos;300.29481&apos;,&apos;YLabelReal&apos;,&apos;&apos;,&apos;MinYLimMag&apos;,&apos;0.00000&apos;,&apos;MaxYLimMag&apos;,&apos;1.00000&apos;,&apos;LegendVisibility&apos;,&apos;On&apos;,&apos;XGrid&apos;,true,&apos;YGrid&apos;,true,&apos;PlotMagPhase&apos;,false,&apos;AxesColor&apos;,[0 0 0],&apos;AxesTickColor&apos;,[0.686274509803922 0.686274509803922 0.686274509803922],&apos;ColorOrder&apos;,[1 1 0.0666666666666667;0.0745098039215686 0.623529411764706 1;1 0.411764705882353 0.16078431372549;0.392156862745098 0.831372549019608 0.0745098039215686;0.717647058823529 0.274509803921569 1;0.0588235294117647 1 1;1 0.0745098039215686 0.650980392156863],&apos;Title&apos;,&apos;%&lt;SignalLabel&gt;&apos;,&apos;LinePropertiesCache&apos;,{{}},&apos;UserDefinedChannelNames&apos;,{{}},&apos;NumLines&apos;,1,&apos;LineNames&apos;,{{&apos;wl [rpm]&apos;}},&apos;ShowContent&apos;,true,&apos;Placement&apos;,2),struct(&apos;MinYLimReal&apos;,&apos;-16740.07925&apos;,&apos;MaxYLimReal&apos;,&apos;16775.48355&apos;,&apos;YLabelReal&apos;,&apos;&apos;,&apos;MinYLimMag&apos;,&apos;0.00000&apos;,&apos;MaxYLimMag&apos;,&apos;1.00000&apos;,&apos;LegendVisibility&apos;,&apos;On&apos;,&apos;XGrid&apos;,true,&apos;YGrid&apos;,true,&apos;PlotMagPhase&apos;,false,&apos;AxesColor&apos;,[0 0 0],&apos;AxesTickColor&apos;,[0.686274509803922 0.686274509803922 0.686274509803922],&apos;ColorOrder&apos;,[1 1 0.0666666666666667;0.0745098039215686 0.623529411764706 1;1 0.411764705882353 0.16078431372549;0.392156862745098 0.831372549019608 0.0745098039215686;0.717647058823529 0.274509803921569 1;0.0588235294117647 1 1;1 0.0745098039215686 0.650980392156863],&apos;Title&apos;,&apos;%&lt;SignalLabel&gt;&apos;,&apos;LinePropertiesCache&apos;,{{}},&apos;UserDefinedChannelNames&apos;,{{}},&apos;NumLines&apos;,1,&apos;LineNames&apos;,{{&apos;acc [rpms]&apos;}},&apos;ShowContent&apos;,true,&apos;Placement&apos;,3),struct(&apos;MinYLimReal&apos;,&apos;-12.5&apos;,&apos;MaxYLimReal&apos;,&apos;12.5&apos;,&apos;YLabelReal&apos;,&apos;&apos;,&apos;MinYLimMag&apos;,&apos;0.00000&apos;,&apos;MaxYLimMag&apos;,&apos;1.00000&apos;,&apos;LegendVisibility&apos;,&apos;On&apos;,&apos;XGrid&apos;,true,&apos;YGrid&apos;,true,&apos;PlotMagPhase&apos;,false,&apos;AxesColor&apos;,[0 0 0],&apos;AxesTickColor&apos;,[0.686274509803922 0.686274509803922 0.686274509803922],&apos;ColorOrder&apos;,[1 1 0.0666666666666667;0.0745098039215686 0.623529411764706 1;1 0.411764705882353 0.16078431372549;0.392156862745098 0.831372549019608 0.0745098039215686;0.717647058823529 0.274509803921569 1;0.0588235294117647 1 1;1 0.0745098039215686 0.650980392156863],&apos;Title&apos;,&apos;%&lt;SignalLabel&gt;&apos;,&apos;LinePropertiesCache&apos;,{{}},&apos;UserDefinedChannelNames&apos;,{{}},&apos;NumLines&apos;,1,&apos;LineNames&apos;,{{&apos;u [V]&apos;}},&apos;ShowContent&apos;,true,&apos;Placement&apos;,4),struct(&apos;MinYLimReal&apos;,&apos;-28.975&apos;,&apos;MaxYLimReal&apos;,&apos;58.775&apos;,&apos;YLabelReal&apos;,&apos;&apos;,&apos;MinYLimMag&apos;,&apos;0.00000&apos;,&apos;MaxYLimMag&apos;,&apos;1.00000&apos;,&apos;LegendVisibility&apos;,&apos;On&apos;,&apos;XGrid&apos;,true,&apos;YGrid&apos;,true,&apos;PlotMagPhase&apos;,false,&apos;AxesColor&apos;,[0 0 0],&apos;AxesTickColor&apos;,[0.686274509803922 0.686274509803922 0.686274509803922],&apos;ColorOrder&apos;,[1 1 0.0666666666666667;0.0745098039215686 0.623529411764706 1;1 0.411764705882353 0.16078431372549;0.392156862745098 0.831372549019608 0.0745098039215686;0.717647058823529 0.274509803921569 1;0.0588235294117647 1 1;1 0.0745098039215686 0.650980392156863],&apos;Title&apos;,&apos;%&lt;SignalLabel&gt;&apos;,&apos;LinePropertiesCache&apos;,{{}},&apos;UserDefinedChannelNames&apos;,{{}},&apos;NumLines&apos;,0,&apos;LineNames&apos;,{{}},&apos;ShowContent&apos;,false,&apos;Placement&apos;,5),struct(&apos;MinYLimReal&apos;,&apos;-10.00000&apos;,&apos;MaxYLimReal&apos;,&apos;10.00000&apos;,&apos;YLabelReal&apos;,&apos;&apos;,&apos;MinYLimMag&apos;,&apos;0&apos;,&apos;MaxYLimMag&apos;,&apos;10&apos;,&apos;LegendVisibility&apos;,&apos;off&apos;,&apos;XGrid&apos;,true,&apos;YGrid&apos;,true,&apos;PlotMagPhase&apos;,false,&apos;AxesColor&apos;,[0 0 0],&apos;AxesTickColor&apos;,[0.686274509803922 0.686274509803922 0.686274509803922],&apos;ColorOrder&apos;,[1 1 0.0666666666666667;0.0745098039215686 0.623529411764706 1;1 0.411764705882353 0.16078431372549;0.392156862745098 0.831372549019608 0.0745098039215686;0.717647058823529 0.274509803921569 1;0.0588235294117647 1 1;1 0.0745098039215686 0.650980392156863],&apos;Title&apos;,&apos;&apos;,&apos;LinePropertiesCache&apos;,{{}},&apos;UserDefinedChannelNames&apos;,{{}},&apos;NumLines&apos;,0,&apos;LineNames&apos;,{{}},&apos;ShowContent&apos;,false,&apos;Placement&apos;,6)},&apos;DisplayPropertyDefaults&apos;,struct(&apos;YLabelReal&apos;,&apos;&apos;,&apos;AxesColor&apos;,[0 0 0],&apos;AxesTickColor&apos;,[0.686274509803922 0.686274509803922 0.686274509803922],&apos;ColorOrder&apos;,[0.0745098039215686 0.623529411764706 1;1 0.411764705882353 0.16078431372549;1 1 0.0666666666666667;0.717647058823529 0.274509803921569 1;0.392156862745098 0.831372549019608 0.0745098039215686;0.0588235294117647 1 1;1 0.0745098039215686 0.650980392156863]),&apos;DisplayLayoutDimensions&apos;,[3 2],&apos;DisplayContentCache&apos;,[]),extmgr.Configuration(&apos;Tools&apos;,&apos;Plot Navigation&apos;,true,&apos;OnceAtStop&apos;,false,&apos;PreviousAutoscale&apos;,&apos;XY&apos;),extmgr.Configuration(&apos;Tools&apos;,&apos;Measurements&apos;,true,&apos;Version&apos;,&apos;2020b&apos;)),&apos;Version&apos;,&apos;2020b&apos;,&apos;Position&apos;,[257 11 766.4 650])</P>
    <P Name="NumInputPorts">4</P>
    <P Name="Floating">off</P>
  </Block>
  <Block BlockType="TransferFcn" Name="Speed Filter1" SID="321">
    <P Name="Position">[220, 486, 305, 554]</P>
    <P Name="ZOrder">574</P>
    <P Name="Numerator">[numHws]</P>
    <P Name="Denominator">[denHws]</P>
    <Port>
      <P Name="PortNumber">1</P>
      <P Name="Name">wl [degs]</P>
    </Port>
  </Block>
  <Block BlockType="StateSpace" Name="State-Space" SID="77">
    <P Name="Ports">[1, 1]</P>
    <P Name="Position">[185, 240, 285, 290]</P>
    <P Name="ZOrder">76</P>
    <P Name="BlockMirror">on</P>
    <P Name="A">A0</P>
    <P Name="B">B0</P>
    <P Name="C">C0</P>
    <P Name="D">D0</P>
    <P Name="InitialCondition">0</P>
  </Block>
  <Block BlockType="SubSystem" Name="State-space Controller" SID="38">
    <P Name="Ports">[4, 2]</P>
    <P Name="Position">[175, 9, 290, 121]</P>
    <P Name="ZOrder">58</P>
    <P Name="RequestExecContextInheritance">off</P>
    <Mask>
      <Display IconFrame="off" RunInitForIconRedraw="off"/>
    </Mask>
    <System Ref="system_38"/>
  </Block>
  <Block BlockType="Step" Name="Step" SID="55">
    <P Name="Position">[-10, 35, 20, 65]</P>
    <P Name="ZOrder">59</P>
    <P Name="After">step_size</P>
    <P Name="SampleTime">0</P>
    <Port>
      <P Name="PortNumber">1</P>
      <P Name="Name">thl_ref</P>
    </Port>
  </Block>
  <Block BlockType="Gain" Name="deg2rad" SID="78">
    <P Name="Position">[455, 365, 485, 395]</P>
    <P Name="ZOrder">79</P>
    <P Name="BlockMirror">on</P>
    <P Name="Gain">deg2rad</P>
    <Port>
      <P Name="PortNumber">1</P>
      <P Name="Name">thl_meas</P>
    </Port>
  </Block>
  <Block BlockType="Gain" Name="degs2rpm1" SID="322">
    <P Name="Position">[380, 505, 410, 535]</P>
    <P Name="ZOrder">575</P>
    <P Name="Gain">degs2rpm</P>
    <Port>
      <P Name="PortNumber">1</P>
      <P Name="Name">wl [rpm]</P>
    </Port>
  </Block>
  <Block BlockType="Gain" Name="pulse2deg" SID="36">
    <P Name="Position">[700, 365, 730, 395]</P>
    <P Name="ZOrder">56</P>
    <P Name="BlockMirror">on</P>
    <P Name="Gain">sens.enc.pulse2deg</P>
    <Port>
      <P Name="PortNumber">1</P>
      <P Name="Name">thl_meas</P>
    </Port>
  </Block>
  <Line>
    <P Name="Name">thl_ref</P>
    <P Name="ZOrder">16</P>
    <P Name="Labels">[1, 1]</P>
    <P Name="Src">55#out:1</P>
    <P Name="Dst">38#in:2</P>
  </Line>
  <Line>
    <P Name="Name">thl_meas</P>
    <P Name="ZOrder">48</P>
    <P Name="Src">36#out:1</P>
    <P Name="Points">[-32, 0]</P>
    <Branch>
      <P Name="ZOrder">173</P>
      <P Name="Points">[0, -80]</P>
      <P Name="Dst">308#in:1</P>
    </Branch>
    <Branch>
      <P Name="ZOrder">172</P>
      <P Name="Labels">[-1, 0]</P>
      <P Name="Dst">78#in:1</P>
    </Branch>
  </Line>
  <Line>
    <P Name="ZOrder">38</P>
    <P Name="Src">76#out:1</P>
    <P Name="Points">[-20, 0]</P>
    <Branch>
      <P Name="ZOrder">180</P>
      <P Name="Points">[0, -105]</P>
      <P Name="Dst">77#in:1</P>
    </Branch>
    <Branch>
      <P Name="ZOrder">126</P>
      <P Name="Dst">74#in:1</P>
    </Branch>
  </Line>
  <Line>
    <P Name="Name">thl_est</P>
    <P Name="ZOrder">49</P>
    <P Name="Labels">[1, 0]</P>
    <P Name="Src">73#out:1</P>
    <P Name="Points">[0, -180]</P>
    <P Name="Dst">38#in:3</P>
  </Line>
  <Line>
    <P Name="ZOrder">40</P>
    <P Name="Src">77#out:1</P>
    <P Name="Points">[-13, 0; 0, 90]</P>
    <P Name="Dst">75#in:1</P>
  </Line>
  <Line>
    <P Name="Name">thl_meas</P>
    <P Name="ZOrder">41</P>
    <P Name="Labels">[0, 0]</P>
    <P Name="Src">78#out:1</P>
    <P Name="Dst">76#in:2</P>
  </Line>
  <Line>
    <P Name="Name">wl_est</P>
    <P Name="ZOrder">50</P>
    <P Name="Labels">[1, 1]</P>
    <P Name="Src">73#out:2</P>
    <P Name="Points">[0, -150]</P>
    <P Name="Dst">38#in:4</P>
  </Line>
  <Line>
    <P Name="ZOrder">44</P>
    <P Name="Src">75#out:1</P>
    <P Name="Points">[-35, 0]</P>
    <P Name="Dst">73#in:1</P>
  </Line>
  <Line>
    <P Name="ZOrder">45</P>
    <P Name="Src">74#out:1</P>
    <P Name="Dst">75#in:2</P>
  </Line>
  <Line>
    <P Name="ZOrder">211</P>
    <P Name="Src">324#out:1</P>
    <P Name="Dst">38#in:1</P>
  </Line>
  <Line>
    <P Name="ZOrder">141</P>
    <P Name="Src">38#out:1</P>
    <P Name="Points">[30, 0; 0, 20]</P>
    <P Name="Dst">237#in:1</P>
  </Line>
  <Line>
    <P Name="ZOrder">142</P>
    <P Name="Src">38#out:2</P>
    <P Name="Points">[30, 0; 0, -20]</P>
    <P Name="Dst">237#in:2</P>
  </Line>
  <Line>
    <P Name="ZOrder">143</P>
    <P Name="Src">237#out:1</P>
    <P Name="Points">[26, 0]</P>
    <Branch>
      <P Name="ZOrder">168</P>
      <P Name="Dst">267#in:1</P>
    </Branch>
    <Branch>
      <P Name="ZOrder">167</P>
      <P Name="Points">[0, 290]</P>
      <P Name="Dst">76#in:1</P>
    </Branch>
  </Line>
  <Line>
    <P Name="Name">u [V]</P>
    <P Name="ZOrder">164</P>
    <P Name="Labels">[1, 1]</P>
    <P Name="Src">265#out:1</P>
    <P Name="Dst">268#in:1</P>
  </Line>
  <Line>
    <P Name="ZOrder">165</P>
    <P Name="Src">268#out:1</P>
    <P Name="Dst">266#in:1</P>
  </Line>
  <Line>
    <P Name="ZOrder">171</P>
    <P Name="Src">307#out:1</P>
    <P Name="Dst">36#in:1</P>
  </Line>
  <Line>
    <P Name="Name">thl_meas [deg]</P>
    <P Name="ZOrder">213</P>
    <P Name="Labels">[-1, 0]</P>
    <P Name="Src">311#out:1</P>
    <P Name="Dst">315#in:1</P>
  </Line>
  <Line>
    <P Name="Name">wl [rpm]</P>
    <P Name="ZOrder">175</P>
    <P Name="Labels">[-1, 0]</P>
    <P Name="Src">312#out:1</P>
    <P Name="Dst">315#in:2</P>
  </Line>
  <Line>
    <P Name="Name">acc [rpms]</P>
    <P Name="ZOrder">176</P>
    <P Name="Labels">[-1, 0]</P>
    <P Name="Src">310#out:1</P>
    <P Name="Dst">315#in:3</P>
  </Line>
  <Line>
    <P Name="Name">u [V]</P>
    <P Name="ZOrder">179</P>
    <P Name="Labels">[0, 0; -1, 0]</P>
    <P Name="Src">309#out:1</P>
    <P Name="Dst">315#in:4</P>
  </Line>
  <Line>
    <P Name="ZOrder">181</P>
    <P Name="Src">317#out:1</P>
    <P Name="Dst">316#in:1</P>
  </Line>
  <Line>
    <P Name="Name">wl [degs]</P>
    <P Name="ZOrder">182</P>
    <P Name="Labels">[1, 1]</P>
    <P Name="Src">321#out:1</P>
    <P Name="Dst">322#in:1</P>
  </Line>
  <Line>
    <P Name="Name">acc[rpm/s]</P>
    <P Name="ZOrder">183</P>
    <P Name="Labels">[1, 1]</P>
    <P Name="Src">316#out:1</P>
    <P Name="Dst">320#in:1</P>
  </Line>
  <Line>
    <P Name="ZOrder">184</P>
    <P Name="Src">318#out:1</P>
    <P Name="Dst">321#in:1</P>
  </Line>
  <Line>
    <P Name="Name">wl [rpm]</P>
    <P Name="ZOrder">185</P>
    <P Name="Labels">[0, 0]</P>
    <P Name="Src">322#out:1</P>
    <P Name="Dst">319#in:1</P>
  </Line>
</System>
