<?xml version="1.0" encoding="utf-8"?>
<System>
  <P Name="Location">[762, 0, 1543, 830]</P>
  <P Name="SystemRect">[0.000000, 0.000000, 0.000000, 0.000000]</P>
  <P Name="SetExecutionDomain">off</P>
  <P Name="ExecutionDomainType">Deduce</P>
  <P Name="SimulinkSubDomain">Simulink</P>
  <Block BlockType="Inport" Name="In [V]" SID="269">
    <P Name="Position">[-65, 53, -35, 67]</P>
    <P Name="ZOrder">476</P>
    <Port>
      <P Name="PortNumber">1</P>
      <P Name="Name">in [V]</P>
      <P Name="PropagatedSignals">u [V]</P>
    </Port>
  </Block>
  <Block BlockType="SubSystem" Name="DAC" SID="270">
    <P Name="Ports">[1, 1]</P>
    <P Name="Position">[70, 30, 135, 90]</P>
    <P Name="ZOrder">486</P>
    <P Name="RequestExecContextInheritance">off</P>
    <P Name="ContentPreviewEnabled">on</P>
    <Mask>
      <Display IconFrame="off" RunInitForIconRedraw="off"/>
    </Mask>
    <System Ref="system_270"/>
  </Block>
  <Block BlockType="SubSystem" Name="DC Motor + Gearbox" SID="276">
    <P Name="Ports">[1, 2]</P>
    <P Name="Position">[295, 22, 375, 98]</P>
    <P Name="ZOrder">484</P>
    <P Name="RequestExecContextInheritance">off</P>
    <P Name="ContentPreviewEnabled">on</P>
    <Mask>
      <Display IconFrame="off" RunInitForIconRedraw="off"/>
    </Mask>
    <Port>
      <P Name="PortNumber">1</P>
      <P Name="Name">thl</P>
    </Port>
    <Port>
      <P Name="PortNumber">2</P>
      <P Name="Name">wl</P>
    </Port>
    <System Ref="system_276"/>
  </Block>
  <Block BlockType="SubSystem" Name="Encoder" SID="294">
    <P Name="Ports">[1, 1]</P>
    <P Name="Position">[175, 172, 285, 238]</P>
    <P Name="ZOrder">485</P>
    <P Name="BlockMirror">on</P>
    <P Name="RequestExecContextInheritance">off</P>
    <P Name="ContentPreviewEnabled">on</P>
    <Mask>
      <Display IconFrame="off" RunInitForIconRedraw="off"/>
    </Mask>
    <System Ref="system_294"/>
  </Block>
  <Block BlockType="Terminator" Name="Terminator1" SID="300">
    <P Name="Position">[425, 70, 445, 90]</P>
    <P Name="ZOrder">475</P>
  </Block>
  <Block BlockType="SubSystem" Name="Voltage Driver" SID="301">
    <P Name="Ports">[1, 1]</P>
    <P Name="Position">[185, 32, 245, 88]</P>
    <P Name="ZOrder">487</P>
    <P Name="RequestExecContextInheritance">off</P>
    <P Name="ContentPreviewEnabled">on</P>
    <Mask>
      <Display IconFrame="off" RunInitForIconRedraw="off"/>
    </Mask>
    <System Ref="system_301"/>
  </Block>
  <Block BlockType="Outport" Name="thl[pulses]" SID="306">
    <P Name="Position">[-65, 198, -35, 212]</P>
    <P Name="ZOrder">477</P>
    <P Name="BlockMirror">on</P>
  </Block>
  <Line>
    <P Name="ZOrder">1</P>
    <P Name="Src">301#out:1</P>
    <P Name="Dst">276#in:1</P>
  </Line>
  <Line>
    <P Name="ZOrder">2</P>
    <P Name="Src">294#out:1</P>
    <P Name="Dst">306#in:1</P>
  </Line>
  <Line>
    <P Name="Name">wl</P>
    <P Name="ZOrder">3</P>
    <P Name="Labels">[0, 0]</P>
    <P Name="Src">276#out:2</P>
    <P Name="Dst">300#in:1</P>
  </Line>
  <Line>
    <P Name="ZOrder">4</P>
    <P Name="Src">270#out:1</P>
    <P Name="Dst">301#in:1</P>
  </Line>
  <Line>
    <P Name="Name">thl</P>
    <P Name="ZOrder">5</P>
    <P Name="Labels">[0, 0]</P>
    <P Name="Src">276#out:1</P>
    <P Name="Points">[22, 0; 0, 165]</P>
    <P Name="Dst">294#in:1</P>
  </Line>
  <Line>
    <P Name="Name">in [V]</P>
    <P Name="ZOrder">6</P>
    <P Name="Labels">[1, 1]</P>
    <P Name="Src">269#out:1</P>
    <P Name="Dst">270#in:1</P>
  </Line>
</System>
