<?xml version="1.0" encoding="utf-8"?>
<System>
  <P Name="Location">[768, 412, 1536, 824]</P>
  <P Name="SystemRect">[0.000000, 0.000000, 0.000000, 0.000000]</P>
  <P Name="SetExecutionDomain">off</P>
  <P Name="ExecutionDomainType">Deduce</P>
  <P Name="ZoomFactor">239</P>
  <P Name="SimulinkSubDomain">Simulink</P>
  <Block BlockType="Inport" Name="In" SID="271">
    <P Name="Position">[20, 28, 50, 42]</P>
    <P Name="ZOrder">7</P>
  </Block>
  <Block BlockType="Quantizer" Name="DAC&#xA;quantizer" SID="272">
    <P Name="Position">[140, 20, 170, 50]</P>
    <P Name="ZOrder">5</P>
    <P Name="QuantizationInterval">daq.dac.q </P>
  </Block>
  <Block BlockType="Saturate" Name="DAC&#xA;saturation" SID="273">
    <P Name="Position">[205, 20, 235, 50]</P>
    <P Name="ZOrder">6</P>
    <P Name="UpperLimit">daq.dac.fs</P>
    <P Name="LowerLimit">-daq.dac.fs</P>
  </Block>
  <Block BlockType="ZeroOrderHold" Name="DAC &#xA;ZOH" SID="274">
    <P Name="Position">[70, 20, 105, 50]</P>
    <P Name="ZOrder">4</P>
    <P Name="SampleTime">0.001</P>
  </Block>
  <Block BlockType="Outport" Name="out [V]" SID="275">
    <P Name="Position">[255, 28, 285, 42]</P>
    <P Name="ZOrder">8</P>
  </Block>
  <Line>
    <P Name="ZOrder">1</P>
    <P Name="Src">274#out:1</P>
    <P Name="Dst">272#in:1</P>
  </Line>
  <Line>
    <P Name="ZOrder">2</P>
    <P Name="Src">272#out:1</P>
    <P Name="Dst">273#in:1</P>
  </Line>
  <Line>
    <P Name="ZOrder">3</P>
    <P Name="Src">271#out:1</P>
    <P Name="Dst">274#in:1</P>
  </Line>
  <Line>
    <P Name="ZOrder">4</P>
    <P Name="Src">273#out:1</P>
    <P Name="Dst">275#in:1</P>
  </Line>
</System>
