<?xml version="1.0" encoding="utf-8"?>
<System>
  <P Name="Location">[38, 32, 1335, 770]</P>
  <P Name="SystemRect">[0.000000, 0.000000, 0.000000, 0.000000]</P>
  <P Name="SetExecutionDomain">off</P>
  <P Name="ExecutionDomainType">Deduce</P>
  <P Name="ZoomFactor">188</P>
  <P Name="SimulinkSubDomain">Simulink</P>
  <Block BlockType="Inport" Name="u[V]" SID="302">
    <P Name="Position">[-40, 73, -10, 87]</P>
    <P Name="ZOrder">3</P>
  </Block>
  <Block BlockType="TransferFcn" Name="Driver Dynamics" SID="303">
    <P Name="Position">[45, 22, 190, 138]</P>
    <P Name="ZOrder">1</P>
    <P Name="Numerator">drv.dcgain</P>
    <P Name="Denominator">[drv.Tc 1]</P>
  </Block>
  <Block BlockType="Saturate" Name="Driver Saturation" SID="304">
    <P Name="Position">[245, 50, 305, 110]</P>
    <P Name="ZOrder">2</P>
    <P Name="UpperLimit">12</P>
    <P Name="LowerLimit">-12</P>
  </Block>
  <Block BlockType="Outport" Name="udrv[V]" SID="305">
    <P Name="Position">[350, 73, 380, 87]</P>
    <P Name="ZOrder">4</P>
  </Block>
  <Line>
    <P Name="ZOrder">1</P>
    <P Name="Src">303#out:1</P>
    <P Name="Dst">304#in:1</P>
  </Line>
  <Line>
    <P Name="ZOrder">2</P>
    <P Name="Src">304#out:1</P>
    <P Name="Dst">305#in:1</P>
  </Line>
  <Line>
    <P Name="ZOrder">3</P>
    <P Name="Src">302#out:1</P>
    <P Name="Dst">303#in:1</P>
  </Line>
</System>
