<?xml version="1.0" encoding="utf-8"?>
<System>
  <P Name="Location">[525, 6, 1307, 743]</P>
  <P Name="SystemRect">[0.000000, 0.000000, 0.000000, 0.000000]</P>
  <P Name="Open">on</P>
  <P Name="SetExecutionDomain">off</P>
  <P Name="ExecutionDomainType">Deduce</P>
  <P Name="ZoomFactor">54</P>
  <P Name="ReportName">simulink-default.rpt</P>
  <P Name="SIDHighWatermark">224</P>
  <P Name="SimulinkSubDomain">Simulink</P>
  <Block BlockType="TransferFcn" Name="Acceleration Filter" SID="76">
    <P Name="Position">[-260, -44, -175, 24]</P>
    <P Name="ZOrder">537</P>
    <P Name="Numerator">[numHwa]</P>
    <P Name="Denominator">[denHwa]</P>
    <Port>
      <P Name="PortNumber">1</P>
      <P Name="Name">acc[rpm/s]</P>
    </Port>
  </Block>
  <Block BlockType="Delay" Name="Delay" SID="222">
    <P Name="Ports">[1, 1]</P>
    <P Name="Position">[645, -497, 680, -463]</P>
    <P Name="ZOrder">565</P>
    <P Name="InputPortMap">u0</P>
    <P Name="DelayLength">1</P>
    <P Name="InitialCondition">0</P>
  </Block>
  <Block BlockType="Demux" Name="Demux" SID="65">
    <P Name="Ports">[1, 2]</P>
    <P Name="Position">[-255, -264, -250, -226]</P>
    <P Name="ZOrder">66</P>
    <P Name="BlockMirror">on</P>
    <P Name="Outputs">2</P>
    <Port>
      <P Name="PortNumber">1</P>
      <P Name="Name">thl_est</P>
    </Port>
    <Port>
      <P Name="PortNumber">2</P>
      <P Name="Name">wl_est</P>
    </Port>
  </Block>
  <Block BlockType="DiscreteStateSpace" Name="Discrete State-Space" SID="74">
    <P Name="Position">[-170, -265, -70, -215]</P>
    <P Name="ZOrder">75</P>
    <P Name="BlockMirror">on</P>
    <P Name="A">PHI</P>
    <P Name="B">GAMMA</P>
    <P Name="C">H0</P>
    <P Name="D">[0 0;0 0]</P>
    <P Name="SampleTime">T</P>
  </Block>
  <Block BlockType="From" Name="From1" SID="77">
    <P Name="Position">[410, -471, 475, -449]</P>
    <P Name="ZOrder">539</P>
    <P Name="GotoTag">u_control</P>
    <Port>
      <P Name="PortNumber">1</P>
      <P Name="Name">u [V]</P>
    </Port>
  </Block>
  <Block BlockType="From" Name="From10" SID="150">
    <P Name="Position">[260, -241, 325, -219]</P>
    <P Name="ZOrder">561</P>
    <P Name="BlockMirror">on</P>
    <P Name="GotoTag">thl_pulses</P>
  </Block>
  <Block BlockType="From" Name="From11" SID="78">
    <P Name="Position">[535, -121, 600, -99]</P>
    <P Name="ZOrder">556</P>
    <P Name="GotoTag">u_control</P>
    <Port>
      <P Name="PortNumber">1</P>
      <P Name="Name">u [V]</P>
    </Port>
  </Block>
  <Block BlockType="From" Name="From3" SID="80">
    <P Name="Position">[-400, -21, -335, 1]</P>
    <P Name="ZOrder">540</P>
    <P Name="GotoTag">wl_rpm</P>
  </Block>
  <Block BlockType="From" Name="From5" SID="82">
    <P Name="Position">[535, -166, 600, -144]</P>
    <P Name="ZOrder">542</P>
    <P Name="GotoTag">acc_rpms</P>
    <Port>
      <P Name="PortNumber">1</P>
      <P Name="Name">acc [rpms]</P>
      <P Name="PropagatedSignals">acc[rpm/s]</P>
    </Port>
  </Block>
  <Block BlockType="From" Name="From6" SID="83">
    <P Name="Position">[410, -236, 475, -214]</P>
    <P Name="ZOrder">544</P>
    <P Name="GotoTag">thl_deg</P>
  </Block>
  <Block BlockType="From" Name="From7" SID="84">
    <P Name="Position">[-400, -141, -335, -119]</P>
    <P Name="ZOrder">546</P>
    <P Name="GotoTag">thl_deg</P>
  </Block>
  <Block BlockType="From" Name="From8" SID="85">
    <P Name="Position">[535, -211, 600, -189]</P>
    <P Name="ZOrder">548</P>
    <P Name="GotoTag">wl_rpm</P>
    <Port>
      <P Name="PortNumber">1</P>
      <P Name="Name">wl [rpm]</P>
    </Port>
  </Block>
  <Block BlockType="From" Name="From9" SID="86">
    <P Name="Position">[410, -276, 475, -254]</P>
    <P Name="ZOrder">545</P>
    <P Name="GotoTag">ref_input</P>
  </Block>
  <Block BlockType="Gain" Name="Gain" SID="224">
    <P Name="Position">[-125, -205, -95, -175]</P>
    <P Name="ZOrder">567</P>
    <P Name="BlockMirror">on</P>
    <P Name="Gain">J0(:,2)</P>
  </Block>
  <Block BlockType="Goto" Name="Goto" SID="87">
    <P Name="Position">[720, -491, 785, -469]</P>
    <P Name="ZOrder">538</P>
    <P Name="GotoTag">thl_pulses</P>
  </Block>
  <Block BlockType="Goto" Name="Goto1" SID="149">
    <P Name="Position">[260, -476, 325, -454]</P>
    <P Name="ZOrder">560</P>
    <P Name="GotoTag">u_control</P>
  </Block>
  <Block BlockType="Goto" Name="Goto2" SID="151">
    <P Name="Position">[260, -321, 325, -299]</P>
    <P Name="ZOrder">562</P>
    <P Name="GotoTag">thl_deg</P>
  </Block>
  <Block BlockType="Goto" Name="Goto3" SID="90">
    <P Name="Position">[-5, -141, 60, -119]</P>
    <P Name="ZOrder">541</P>
    <P Name="GotoTag">wl_rpm</P>
  </Block>
  <Block BlockType="Goto" Name="Goto5" SID="92">
    <P Name="Position">[-5, -21, 60, 1]</P>
    <P Name="ZOrder">543</P>
    <P Name="GotoTag">acc_rpms</P>
  </Block>
  <Block BlockType="Goto" Name="Goto7" SID="147">
    <P Name="Position">[-415, -441, -350, -419]</P>
    <P Name="ZOrder">558</P>
    <P Name="BlockMirror">on</P>
    <P Name="GotoTag">ref_input</P>
  </Block>
  <Block BlockType="Mux" Name="Mux" SID="66">
    <P Name="Ports">[2, 1]</P>
    <P Name="Position">[0, -259, 5, -221]</P>
    <P Name="ZOrder">67</P>
    <P Name="BlockMirror">on</P>
    <P Name="Inputs">2</P>
    <P Name="DisplayOption">bar</P>
  </Block>
  <Block BlockType="Mux" Name="Mux1" SID="133">
    <P Name="Ports">[2, 1]</P>
    <P Name="Position">[510, -287, 515, -203]</P>
    <P Name="ZOrder">547</P>
    <P Name="Inputs">2</P>
    <P Name="DisplayOption">bar</P>
    <Port>
      <P Name="PortNumber">1</P>
      <P Name="Name">thl_meas [deg]</P>
    </Port>
  </Block>
  <Block BlockType="SubSystem" Name="Quanser SRV-02 + NI DAQ" SID="195">
    <P Name="Ports">[1, 2]</P>
    <P Name="Position">[525, -498, 605, -422]</P>
    <P Name="ZOrder">563</P>
    <P Name="RequestExecContextInheritance">off</P>
    <Mask>
      <Type>Quanser SRV-02 (with inertial load) + NI DAQ</Type>
      <Display RunInitForIconRedraw="off"/>
      <Description>Quanser SRV-02 (with inertial load) + NI DAQ model.
</Description>
      <Initialization>%%  Sensors data

%   shunt resistor
sens.curr.Rs = 0.5;                         %   resistance [Ohm]   
sens.curr.uRs_std = 0.01;                   %   voltage noise standard dev [V]                           
sens.curr.uRs_var = sens.curr.uRs_std^2;	%   voltage noise variance [V^2]

%   Hewlett-Packard HEDS-5540#A06 optical encoder
sens.enc.ppr = 500*4;                       %   pulses per rotation
sens.enc.pulse2deg = 360/sens.enc.ppr;      %   [pulses] -&gt; [deg]
sens.enc.pulse2rad = 2*pi/sens.enc.ppr;     %   [pulses] -&gt; [rad]
sens.enc.deg2pulse = sens.enc.ppr/360;      %   [deg] -&gt; [pulses]
sens.enc.rad2pulse = sens.enc.ppr/2/pi;     %   [rad] -&gt; [pulses]


%%  Data acquisition board (daq) data

%   NI PCI-6221 DAC data
daq.dac.bits = 16;                                  %   resolution (bits)
daq.dac.fs   = 10;                                  %   full scale 
daq.dac.q    = 2*daq.dac.fs/(2^daq.dac.bits-1);     %	quantization

%   NI PCI-6221 ADC data
daq.adc.bits = 16;                                  %   resolution (bits)
daq.adc.fs   = 10;                                  %   full scale (as set in SLDRT Analog Input block)
daq.adc.q    = 2*daq.adc.fs/(2^daq.adc.bits-1);     %   quantization   </Initialization>
      <Help>Riccardo Antonello (antonello@dei.unipd.it)

April 24, 2020

Dept. of Information Engineering, University of Padova
</Help>
      <MaskParameter Name="Ts" Type="edit">
        <Prompt>NI DAQ Sample Time:</Prompt>
        <Value>0.001</Value>
      </MaskParameter>
      <MaskParameter Name="fricType" Type="popup">
        <Prompt>Friction model</Prompt>
        <Value>Coulomb + viscous</Value>
        <TypeOptions>
          <Option>Coulomb + viscous</Option>
          <Option>Karnopp</Option>
        </TypeOptions>
      </MaskParameter>
      <DialogControl Type="Group" Name="DescGroupVar">
        <Prompt>%&lt;MaskType&gt;</Prompt>
        <DialogControl Type="Text" Name="DescTextVar">
          <Prompt>%&lt;MaskDescription&gt;</Prompt>
        </DialogControl>
      </DialogControl>
      <DialogControl Type="Group" Name="ParameterGroupVar">
        <Prompt>Simulink:studio:ToolBarParametersMenu</Prompt>
        <DialogControl Type="Edit" Name="Ts">
          <Prompt>NI DAQ Sample Time:</Prompt>
        </DialogControl>
        <DialogControl Type="Popup" Name="fricType">
          <Prompt>Friction model</Prompt>
          <ControlOptions PromptLocation="left"/>
        </DialogControl>
      </DialogControl>
    </Mask>
    <Port>
      <P Name="PortNumber">2</P>
      <P Name="Name">wl</P>
    </Port>
    <System Ref="system_195"/>
  </Block>
  <Block BlockType="Scope" Name="Scope1" SID="141">
    <P Name="Ports">[4]</P>
    <P Name="Position">[660, -269, 735, -86]</P>
    <P Name="ZOrder">534</P>
    <P Name="ScopeSpecificationString">Simulink.scopes.TimeScopeBlockCfg(&apos;CurrentConfiguration&apos;, extmgr.ConfigurationSet(extmgr.Configuration(&apos;Core&apos;,&apos;General UI&apos;,true),extmgr.Configuration(&apos;Core&apos;,&apos;Source UI&apos;,true),extmgr.Configuration(&apos;Sources&apos;,&apos;WiredSimulink&apos;,true,&apos;DataLogging&apos;,true,&apos;DataLoggingSaveFormat&apos;,&apos;StructureWithTime&apos;,&apos;DataLoggingVariableName&apos;,&apos;MotorData&apos;),extmgr.Configuration(&apos;Visuals&apos;,&apos;Time Domain&apos;,true,&apos;SerializedDisplays&apos;,{struct(&apos;MinYLimReal&apos;,&apos;-6.25&apos;,&apos;MaxYLimReal&apos;,&apos;56.25&apos;,&apos;YLabelReal&apos;,&apos;&apos;,&apos;MinYLimMag&apos;,&apos;0.00000&apos;,&apos;MaxYLimMag&apos;,&apos;56.25&apos;,&apos;LegendVisibility&apos;,&apos;On&apos;,&apos;XGrid&apos;,true,&apos;YGrid&apos;,true,&apos;PlotMagPhase&apos;,false,&apos;AxesColor&apos;,[0 0 0],&apos;AxesTickColor&apos;,[0.686274509803922 0.686274509803922 0.686274509803922],&apos;ColorOrder&apos;,[1 1 0.0666666666666667;0.0745098039215686 0.623529411764706 1;1 0.411764705882353 0.16078431372549;0.392156862745098 0.831372549019608 0.0745098039215686;0.717647058823529 0.274509803921569 1;0.0588235294117647 1 1;1 0.0745098039215686 0.650980392156863],&apos;Title&apos;,&apos;%&lt;SignalLabel&gt;&apos;,&apos;LinePropertiesCache&apos;,{{}},&apos;UserDefinedChannelNames&apos;,{{}},&apos;NumLines&apos;,2,&apos;LineNames&apos;,{{&apos;thl_meas [deg]:1&apos;,&apos;thl_meas [deg]:2&apos;}},&apos;ShowContent&apos;,true,&apos;Placement&apos;,1),struct(&apos;MinYLimReal&apos;,&apos;-81.81589&apos;,&apos;MaxYLimReal&apos;,&apos;144.0832&apos;,&apos;YLabelReal&apos;,&apos;&apos;,&apos;MinYLimMag&apos;,&apos;0.00000&apos;,&apos;MaxYLimMag&apos;,&apos;1.00000&apos;,&apos;LegendVisibility&apos;,&apos;On&apos;,&apos;XGrid&apos;,true,&apos;YGrid&apos;,true,&apos;PlotMagPhase&apos;,false,&apos;AxesColor&apos;,[0 0 0],&apos;AxesTickColor&apos;,[0.686274509803922 0.686274509803922 0.686274509803922],&apos;ColorOrder&apos;,[1 1 0.0666666666666667;0.0745098039215686 0.623529411764706 1;1 0.411764705882353 0.16078431372549;0.392156862745098 0.831372549019608 0.0745098039215686;0.717647058823529 0.274509803921569 1;0.0588235294117647 1 1;1 0.0745098039215686 0.650980392156863],&apos;Title&apos;,&apos;%&lt;SignalLabel&gt;&apos;,&apos;LinePropertiesCache&apos;,{{}},&apos;UserDefinedChannelNames&apos;,{{}},&apos;NumLines&apos;,1,&apos;LineNames&apos;,{{&apos;wl [rpm]&apos;}},&apos;ShowContent&apos;,true,&apos;Placement&apos;,2),struct(&apos;MinYLimReal&apos;,&apos;-6398.76218&apos;,&apos;MaxYLimReal&apos;,&apos;5781.9141&apos;,&apos;YLabelReal&apos;,&apos;&apos;,&apos;MinYLimMag&apos;,&apos;0.00000&apos;,&apos;MaxYLimMag&apos;,&apos;1.00000&apos;,&apos;LegendVisibility&apos;,&apos;On&apos;,&apos;XGrid&apos;,true,&apos;YGrid&apos;,true,&apos;PlotMagPhase&apos;,false,&apos;AxesColor&apos;,[0 0 0],&apos;AxesTickColor&apos;,[0.686274509803922 0.686274509803922 0.686274509803922],&apos;ColorOrder&apos;,[1 1 0.0666666666666667;0.0745098039215686 0.623529411764706 1;1 0.411764705882353 0.16078431372549;0.392156862745098 0.831372549019608 0.0745098039215686;0.717647058823529 0.274509803921569 1;0.0588235294117647 1 1;1 0.0745098039215686 0.650980392156863],&apos;Title&apos;,&apos;%&lt;SignalLabel&gt;&apos;,&apos;LinePropertiesCache&apos;,{{}},&apos;UserDefinedChannelNames&apos;,{{}},&apos;NumLines&apos;,1,&apos;LineNames&apos;,{{&apos;acc [rpms]&apos;}},&apos;ShowContent&apos;,true,&apos;Placement&apos;,3),struct(&apos;MinYLimReal&apos;,&apos;-5.17802&apos;,&apos;MaxYLimReal&apos;,&apos;9.004&apos;,&apos;YLabelReal&apos;,&apos;&apos;,&apos;MinYLimMag&apos;,&apos;0.00000&apos;,&apos;MaxYLimMag&apos;,&apos;1.00000&apos;,&apos;LegendVisibility&apos;,&apos;On&apos;,&apos;XGrid&apos;,true,&apos;YGrid&apos;,true,&apos;PlotMagPhase&apos;,false,&apos;AxesColor&apos;,[0 0 0],&apos;AxesTickColor&apos;,[0.686274509803922 0.686274509803922 0.686274509803922],&apos;ColorOrder&apos;,[1 1 0.0666666666666667;0.0745098039215686 0.623529411764706 1;1 0.411764705882353 0.16078431372549;0.392156862745098 0.831372549019608 0.0745098039215686;0.717647058823529 0.274509803921569 1;0.0588235294117647 1 1;1 0.0745098039215686 0.650980392156863],&apos;Title&apos;,&apos;%&lt;SignalLabel&gt;&apos;,&apos;LinePropertiesCache&apos;,{{}},&apos;UserDefinedChannelNames&apos;,{{}},&apos;NumLines&apos;,1,&apos;LineNames&apos;,{{&apos;u [V]&apos;}},&apos;ShowContent&apos;,true,&apos;Placement&apos;,4),struct(&apos;MinYLimReal&apos;,&apos;-28.975&apos;,&apos;MaxYLimReal&apos;,&apos;58.775&apos;,&apos;YLabelReal&apos;,&apos;&apos;,&apos;MinYLimMag&apos;,&apos;0.00000&apos;,&apos;MaxYLimMag&apos;,&apos;1.00000&apos;,&apos;LegendVisibility&apos;,&apos;On&apos;,&apos;XGrid&apos;,true,&apos;YGrid&apos;,true,&apos;PlotMagPhase&apos;,false,&apos;AxesColor&apos;,[0 0 0],&apos;AxesTickColor&apos;,[0.686274509803922 0.686274509803922 0.686274509803922],&apos;ColorOrder&apos;,[1 1 0.0666666666666667;0.0745098039215686 0.623529411764706 1;1 0.411764705882353 0.16078431372549;0.392156862745098 0.831372549019608 0.0745098039215686;0.717647058823529 0.274509803921569 1;0.0588235294117647 1 1;1 0.0745098039215686 0.650980392156863],&apos;Title&apos;,&apos;%&lt;SignalLabel&gt;&apos;,&apos;LinePropertiesCache&apos;,{{}},&apos;UserDefinedChannelNames&apos;,{{}},&apos;NumLines&apos;,0,&apos;LineNames&apos;,{{}},&apos;ShowContent&apos;,false,&apos;Placement&apos;,5),struct(&apos;MinYLimReal&apos;,&apos;-10.00000&apos;,&apos;MaxYLimReal&apos;,&apos;10.00000&apos;,&apos;YLabelReal&apos;,&apos;&apos;,&apos;MinYLimMag&apos;,&apos;0&apos;,&apos;MaxYLimMag&apos;,&apos;10&apos;,&apos;LegendVisibility&apos;,&apos;off&apos;,&apos;XGrid&apos;,true,&apos;YGrid&apos;,true,&apos;PlotMagPhase&apos;,false,&apos;AxesColor&apos;,[0 0 0],&apos;AxesTickColor&apos;,[0.686274509803922 0.686274509803922 0.686274509803922],&apos;ColorOrder&apos;,[1 1 0.0666666666666667;0.0745098039215686 0.623529411764706 1;1 0.411764705882353 0.16078431372549;0.392156862745098 0.831372549019608 0.0745098039215686;0.717647058823529 0.274509803921569 1;0.0588235294117647 1 1;1 0.0745098039215686 0.650980392156863],&apos;Title&apos;,&apos;&apos;,&apos;LinePropertiesCache&apos;,{{}},&apos;UserDefinedChannelNames&apos;,{{}},&apos;NumLines&apos;,0,&apos;LineNames&apos;,{{}},&apos;ShowContent&apos;,false,&apos;Placement&apos;,6)},&apos;DisplayPropertyDefaults&apos;,struct(&apos;YLabelReal&apos;,&apos;&apos;,&apos;AxesColor&apos;,[0 0 0],&apos;AxesTickColor&apos;,[0.686274509803922 0.686274509803922 0.686274509803922],&apos;ColorOrder&apos;,[0.0745098039215686 0.623529411764706 1;1 0.411764705882353 0.16078431372549;1 1 0.0666666666666667;0.717647058823529 0.274509803921569 1;0.392156862745098 0.831372549019608 0.0745098039215686;0.0588235294117647 1 1;1 0.0745098039215686 0.650980392156863]),&apos;DisplayLayoutDimensions&apos;,[3 2],&apos;DisplayContentCache&apos;,[]),extmgr.Configuration(&apos;Tools&apos;,&apos;Plot Navigation&apos;,true,&apos;OnceAtStop&apos;,false,&apos;PreviousAutoscale&apos;,&apos;XY&apos;),extmgr.Configuration(&apos;Tools&apos;,&apos;Measurements&apos;,true,&apos;Version&apos;,&apos;2020b&apos;)),&apos;Version&apos;,&apos;2020b&apos;,&apos;Position&apos;,[402.6 -0.6 766.4 698.4])</P>
    <P Name="NumInputPorts">4</P>
    <P Name="Floating">off</P>
  </Block>
  <Block BlockType="TransferFcn" Name="Speed Filter" SID="142">
    <P Name="Position">[-260, -164, -175, -96]</P>
    <P Name="ZOrder">535</P>
    <P Name="Numerator">[numHws]</P>
    <P Name="Denominator">[denHws]</P>
    <Port>
      <P Name="PortNumber">1</P>
      <P Name="Name">wl [degs]</P>
    </Port>
  </Block>
  <Block BlockType="SubSystem" Name="State-space Controller" SID="38">
    <P Name="Ports">[3, 1]</P>
    <P Name="Position">[-225, -496, -130, -434]</P>
    <P Name="ZOrder">58</P>
    <P Name="RequestExecContextInheritance">off</P>
    <System Ref="system_38"/>
  </Block>
  <Block BlockType="Step" Name="Step" SID="55">
    <P Name="Position">[-415, -500, -385, -470]</P>
    <P Name="ZOrder">59</P>
    <P Name="After">step_size</P>
    <P Name="SampleTime">0</P>
    <Port>
      <P Name="PortNumber">1</P>
      <P Name="Name">thl_ref</P>
    </Port>
  </Block>
  <Block BlockType="Sum" Name="Sum" SID="223">
    <P Name="Ports">[2, 1]</P>
    <P Name="Position">[-220, -255, -200, -235]</P>
    <P Name="ZOrder">566</P>
    <P Name="BlockMirror">on</P>
    <P Name="Inputs">|++</P>
  </Block>
  <Block BlockType="Terminator" Name="Terminator" SID="221">
    <P Name="Position">[685, -450, 705, -430]</P>
    <P Name="ZOrder">564</P>
  </Block>
  <Block BlockType="Gain" Name="deg2rad" SID="67">
    <P Name="Position">[95, -245, 125, -215]</P>
    <P Name="ZOrder">71</P>
    <P Name="BlockMirror">on</P>
    <P Name="Gain">deg2rad</P>
    <Port>
      <P Name="PortNumber">1</P>
      <P Name="Name">thl_meas</P>
    </Port>
  </Block>
  <Block BlockType="Gain" Name="degs2rpm" SID="145">
    <P Name="Position">[-100, -145, -70, -115]</P>
    <P Name="ZOrder">536</P>
    <P Name="Gain">degs2rpm</P>
    <Port>
      <P Name="PortNumber">1</P>
      <P Name="Name">wl [rpm]</P>
    </Port>
  </Block>
  <Block BlockType="Gain" Name="pulse2deg" SID="36">
    <P Name="Position">[185, -245, 215, -215]</P>
    <P Name="ZOrder">56</P>
    <P Name="BlockMirror">on</P>
    <P Name="Gain">sens.enc.pulse2deg</P>
  </Block>
  <Line>
    <P Name="ZOrder">15</P>
    <P Name="Src">38#out:1</P>
    <P Name="Points">[153, 0]</P>
    <Branch>
      <P Name="ZOrder">119</P>
      <P Name="Dst">149#in:1</P>
    </Branch>
    <Branch>
      <P Name="ZOrder">34</P>
      <P Name="Points">[0, 215]</P>
      <P Name="Dst">66#in:1</P>
    </Branch>
  </Line>
  <Line>
    <P Name="ZOrder">120</P>
    <P Name="Src">150#out:1</P>
    <P Name="Dst">36#in:1</P>
  </Line>
  <Line>
    <P Name="Name">thl_ref</P>
    <P Name="ZOrder">16</P>
    <P Name="Src">55#out:1</P>
    <P Name="Points">[59, 0]</P>
    <Branch>
      <P Name="ZOrder">118</P>
      <P Name="Points">[0, 55]</P>
      <P Name="Dst">147#in:1</P>
    </Branch>
    <Branch>
      <P Name="ZOrder">117</P>
      <P Name="Labels">[1, 1]</P>
      <P Name="Dst">38#in:1</P>
    </Branch>
  </Line>
  <Line>
    <P Name="ZOrder">59</P>
    <P Name="Src">36#out:1</P>
    <P Name="Points">[-25, 0]</P>
    <Branch>
      <P Name="ZOrder">122</P>
      <P Name="Points">[0, -80]</P>
      <P Name="Dst">151#in:1</P>
    </Branch>
    <Branch>
      <P Name="ZOrder">121</P>
      <P Name="Dst">67#in:1</P>
    </Branch>
  </Line>
  <Line>
    <P Name="Name">thl_meas</P>
    <P Name="ZOrder">54</P>
    <P Name="Labels">[0, 0]</P>
    <P Name="Src">67#out:1</P>
    <P Name="Points">[-61, 0]</P>
    <Branch>
      <P Name="ZOrder">169</P>
      <P Name="Points">[0, 40]</P>
      <P Name="Dst">224#in:1</P>
    </Branch>
    <Branch>
      <P Name="ZOrder">168</P>
      <P Name="Dst">66#in:2</P>
    </Branch>
  </Line>
  <Line>
    <P Name="Name">thl_est</P>
    <P Name="ZOrder">57</P>
    <P Name="Labels">[0, 0]</P>
    <P Name="Src">65#out:1</P>
    <P Name="Points">[-19, 0; 0, -190]</P>
    <P Name="Dst">38#in:3</P>
  </Line>
  <Line>
    <P Name="Name">wl_est</P>
    <P Name="ZOrder">58</P>
    <P Name="Labels">[0, 0]</P>
    <P Name="Src">65#out:2</P>
    <P Name="Points">[-39, 0; 0, -230]</P>
    <P Name="Dst">38#in:2</P>
  </Line>
  <Line>
    <P Name="ZOrder">71</P>
    <P Name="Src">66#out:1</P>
    <P Name="Dst">74#in:1</P>
  </Line>
  <Line>
    <P Name="ZOrder">151</P>
    <P Name="Src">195#out:1</P>
    <P Name="Dst">222#in:1</P>
  </Line>
  <Line>
    <P Name="Name">wl [rpm]</P>
    <P Name="ZOrder">93</P>
    <P Name="Labels">[0, 0]</P>
    <P Name="Src">145#out:1</P>
    <P Name="Dst">90#in:1</P>
  </Line>
  <Line>
    <P Name="ZOrder">94</P>
    <P Name="Src">86#out:1</P>
    <P Name="Dst">133#in:1</P>
  </Line>
  <Line>
    <P Name="Name">wl [degs]</P>
    <P Name="ZOrder">95</P>
    <P Name="Labels">[1, 1]</P>
    <P Name="Src">142#out:1</P>
    <P Name="Dst">145#in:1</P>
  </Line>
  <Line>
    <P Name="ZOrder">99</P>
    <P Name="Src">83#out:1</P>
    <P Name="Dst">133#in:2</P>
  </Line>
  <Line>
    <P Name="Name">acc[rpm/s]</P>
    <P Name="ZOrder">100</P>
    <P Name="Labels">[1, 1]</P>
    <P Name="Src">76#out:1</P>
    <P Name="Dst">92#in:1</P>
  </Line>
  <Line>
    <P Name="ZOrder">105</P>
    <P Name="Src">84#out:1</P>
    <P Name="Dst">142#in:1</P>
  </Line>
  <Line>
    <P Name="Name">acc [rpms]</P>
    <P Name="ZOrder">106</P>
    <P Name="Labels">[-1, 0]</P>
    <P Name="Src">82#out:1</P>
    <P Name="Dst">141#in:3</P>
  </Line>
  <Line>
    <P Name="Name">wl [rpm]</P>
    <P Name="ZOrder">107</P>
    <P Name="Labels">[-1, 0]</P>
    <P Name="Src">85#out:1</P>
    <P Name="Dst">141#in:2</P>
  </Line>
  <Line>
    <P Name="Name">thl_meas [deg]</P>
    <P Name="ZOrder">108</P>
    <P Name="Labels">[-1, 0]</P>
    <P Name="Src">133#out:1</P>
    <P Name="Dst">141#in:1</P>
  </Line>
  <Line>
    <P Name="Name">u [V]</P>
    <P Name="ZOrder">150</P>
    <P Name="Labels">[1, 1]</P>
    <P Name="Src">77#out:1</P>
    <P Name="Dst">195#in:1</P>
  </Line>
  <Line>
    <P Name="Name">u [V]</P>
    <P Name="ZOrder">112</P>
    <P Name="Labels">[0, 0; -1, 0]</P>
    <P Name="Src">78#out:1</P>
    <P Name="Dst">141#in:4</P>
  </Line>
  <Line>
    <P Name="ZOrder">113</P>
    <P Name="Src">80#out:1</P>
    <P Name="Dst">76#in:1</P>
  </Line>
  <Line>
    <P Name="Name">wl</P>
    <P Name="ZOrder">152</P>
    <P Name="Labels">[0, 0]</P>
    <P Name="Src">195#out:2</P>
    <P Name="Dst">221#in:1</P>
  </Line>
  <Line>
    <P Name="ZOrder">155</P>
    <P Name="Src">222#out:1</P>
    <P Name="Dst">87#in:1</P>
  </Line>
  <Line>
    <P Name="ZOrder">166</P>
    <P Name="Src">74#out:1</P>
    <P Name="Points">[-10, 0]</P>
    <P Name="Dst">223#in:1</P>
  </Line>
  <Line>
    <P Name="ZOrder">167</P>
    <P Name="Src">223#out:1</P>
    <P Name="Dst">65#in:1</P>
  </Line>
  <Line>
    <P Name="ZOrder">171</P>
    <P Name="Src">224#out:1</P>
    <P Name="Points">[-80, 0]</P>
    <P Name="Dst">223#in:2</P>
  </Line>
</System>
