<?xml version="1.0" encoding="utf-8"?>
<System>
  <P Name="Location">[469, 82, 1679, 971]</P>
  <P Name="SystemRect">[0.000000, 0.000000, 0.000000, 0.000000]</P>
  <P Name="SetExecutionDomain">off</P>
  <P Name="ExecutionDomainType">Deduce</P>
  <P Name="SimulinkSubDomain">Simulink</P>
  <Block BlockType="Inport" Name="u [V]" SID="196">
    <P Name="Position">[50, 28, 80, 42]</P>
    <P Name="ZOrder">305</P>
  </Block>
  <Block BlockType="SubSystem" Name="ADC" SID="197">
    <P Name="Ports">[1, 1]</P>
    <P Name="Position">[280, 244, 335, 286]</P>
    <P Name="ZOrder">299</P>
    <P Name="BlockMirror">on</P>
    <P Name="RequestExecContextInheritance">off</P>
    <System Ref="system_197"/>
  </Block>
  <Block BlockType="Constant" Name="Constant" SID="203">
    <P Name="Position">[145, 77, 185, 93]</P>
    <P Name="ZOrder">308</P>
    <P Name="Value">fricType</P>
  </Block>
  <Block BlockType="SubSystem" Name="DAC" SID="204">
    <P Name="Ports">[1, 1]</P>
    <P Name="Position">[135, 15, 190, 55]</P>
    <P Name="ZOrder">294</P>
    <P Name="RequestExecContextInheritance">off</P>
    <System Ref="system_204"/>
  </Block>
  <Block BlockType="SubSystem" Name="Enocder" SID="210">
    <P Name="Ports">[1, 1]</P>
    <P Name="Position">[260, 169, 355, 211]</P>
    <P Name="ZOrder">292</P>
    <P Name="BlockMirror">on</P>
    <P Name="RequestExecContextInheritance">off</P>
    <System Ref="system_210"/>
  </Block>
  <Block BlockType="ModelReference" Name="Quanser SRV-02" SID="216">
    <P Name="Ports">[2, 2]</P>
    <P Name="Position">[245, 9, 370, 111]</P>
    <P Name="ZOrder">304</P>
    <P Name="ModelNameDialog">SRV02IL_win64.slxp</P>
    <Array PropName="ParameterArgumentNames" Type="String" Dimension="1*0"/>
    <Array PropName="ParameterArgumentValues" Type="String" Dimension="1*0"/>
    <List ListType="VisibleInports">
      <P Name="port0">on</P>
      <P Name="port1">on</P>
    </List>
    <P Name="ModelReferenceVersion">1.44</P>
    <List ListType="InputPortNames">
      <P Name="port0">u [V]</P>
      <P Name="port1">fricType</P>
    </List>
    <List ListType="OutputPortNames">
      <P Name="port0">thl [deg]</P>
      <P Name="port1">uRs [V]</P>
    </List>
    <List ListType="OutputPortOutputBusAsStructs">
      <P Name="port0">off</P>
      <P Name="port1">off</P>
    </List>
    <List ListType="OutputPortSignalNames">
      <P Name="port0">thl</P>
      <P Name="port1">uRs</P>
    </List>
    <List ListType="InputPortLatchByCopyingInsideSignal">
      <P Name="port0">off</P>
      <P Name="port1">off</P>
    </List>
    <List ListType="OutputPortUnitExprs">
      <P Name="port0">inherit</P>
      <P Name="port1">inherit</P>
    </List>
    <List ListType="InputPortUnitExprs">
      <P Name="port0">inherit</P>
      <P Name="port1">inherit</P>
    </List>
    <P Name="CopyOfModelProtected">on</P>
    <List ListType="InputPortLatchByDelayingOutsideSignal">
      <P Name="port0">off</P>
      <P Name="port1">off</P>
    </List>
  </Block>
  <Block BlockType="Terminator" Name="Terminator1" SID="217">
    <P Name="Position">[445, 75, 465, 95]</P>
    <P Name="ZOrder">293</P>
    <P Name="ShowName">off</P>
  </Block>
  <Block BlockType="Terminator" Name="Terminator2" SID="218">
    <P Name="Position">[445, 25, 465, 45]</P>
    <P Name="ZOrder">297</P>
    <P Name="ShowName">off</P>
  </Block>
  <Block BlockType="Outport" Name="thl_meas [pulses]" SID="219">
    <P Name="Position">[145, 183, 175, 197]</P>
    <P Name="ZOrder">306</P>
    <P Name="BlockMirror">on</P>
  </Block>
  <Block BlockType="Outport" Name="uRs_meas [V]" SID="220">
    <P Name="Position">[145, 258, 175, 272]</P>
    <P Name="ZOrder">307</P>
    <P Name="BlockMirror">on</P>
    <P Name="Port">2</P>
  </Block>
  <Line>
    <P Name="ZOrder">1</P>
    <P Name="Src">210#out:1</P>
    <P Name="Dst">219#in:1</P>
  </Line>
  <Line>
    <P Name="ZOrder">2</P>
    <P Name="Src">197#out:1</P>
    <P Name="Dst">220#in:1</P>
  </Line>
  <Line>
    <P Name="ZOrder">3</P>
    <P Name="Src">204#out:1</P>
    <P Name="Dst">216#in:1</P>
  </Line>
  <Line>
    <P Name="ZOrder">4</P>
    <P Name="Src">216#out:2</P>
    <P Name="Points">[44, 0]</P>
    <Branch>
      <P Name="ZOrder">5</P>
      <P Name="Points">[0, 180]</P>
      <P Name="Dst">197#in:1</P>
    </Branch>
    <Branch>
      <P Name="ZOrder">6</P>
      <P Name="Dst">217#in:1</P>
    </Branch>
  </Line>
  <Line>
    <P Name="ZOrder">7</P>
    <P Name="Src">196#out:1</P>
    <P Name="Dst">204#in:1</P>
  </Line>
  <Line>
    <P Name="ZOrder">8</P>
    <P Name="Src">216#out:1</P>
    <P Name="Points">[21, 0]</P>
    <Branch>
      <P Name="ZOrder">9</P>
      <P Name="Points">[0, 155]</P>
      <P Name="Dst">210#in:1</P>
    </Branch>
    <Branch>
      <P Name="ZOrder">10</P>
      <P Name="Dst">218#in:1</P>
    </Branch>
  </Line>
  <Line>
    <P Name="ZOrder">11</P>
    <P Name="Src">203#out:1</P>
    <P Name="Dst">216#in:2</P>
  </Line>
</System>
