<?xml version="1.0" encoding="utf-8"?>
<System>
  <P Name="Location">[716, 17, 1498, 754]</P>
  <P Name="SystemRect">[0.000000, 0.000000, 0.000000, 0.000000]</P>
  <P Name="Open">on</P>
  <P Name="SetExecutionDomain">off</P>
  <P Name="ExecutionDomainType">Deduce</P>
  <P Name="ZoomFactor">113</P>
  <P Name="SimulinkSubDomain">Simulink</P>
  <Block BlockType="Inport" Name="thl_ref[deg]" SID="39">
    <P Name="Position">[-175, -37, -145, -23]</P>
    <P Name="ZOrder">-1</P>
  </Block>
  <Block BlockType="Inport" Name="wl[rpm]" SID="43">
    <P Name="Position">[410, 148, 440, 162]</P>
    <P Name="ZOrder">3</P>
    <P Name="BlockMirror">on</P>
    <P Name="Port">2</P>
  </Block>
  <Block BlockType="Inport" Name="thl[deg]" SID="42">
    <P Name="Position">[410, 98, 440, 112]</P>
    <P Name="ZOrder">2</P>
    <P Name="BlockMirror">on</P>
    <P Name="Port">3</P>
  </Block>
  <Block BlockType="Delay" Name="Delay" SID="69">
    <P Name="Ports">[1, 1]</P>
    <P Name="Position">[83, 50, 117, 85]</P>
    <P Name="ZOrder">60</P>
    <P Name="BlockRotation">270</P>
    <P Name="NameLocation">right</P>
    <P Name="InputPortMap">u0</P>
    <P Name="DelayLength">1</P>
    <P Name="InitialCondition">0</P>
  </Block>
  <Block BlockType="Gain" Name="Input feedforward" SID="50">
    <P Name="Position">[25, -145, 55, -115]</P>
    <P Name="ZOrder">55</P>
    <P Name="Gain">N_u</P>
  </Block>
  <Block BlockType="Mux" Name="Mux" SID="52">
    <P Name="Ports">[2, 1]</P>
    <P Name="Position">[185, 78, 190, 182]</P>
    <P Name="ZOrder">57</P>
    <P Name="BlockMirror">on</P>
    <P Name="Inputs">2</P>
    <P Name="DisplayOption">bar</P>
  </Block>
  <Block BlockType="Saturate" Name="Saturation" SID="51">
    <P Name="Position">[410, -45, 440, -15]</P>
    <P Name="ZOrder">56</P>
    <P Name="HideAutomaticName">off</P>
    <P Name="UpperLimit">10</P>
    <P Name="LowerLimit">-10</P>
  </Block>
  <Block BlockType="Gain" Name="State feedback" SID="47">
    <P Name="Position">[185, -45, 215, -15]</P>
    <P Name="ZOrder">7</P>
    <P Name="Gain">K&apos;</P>
    <P Name="Multiplication">Matrix(u*K)</P>
  </Block>
  <Block BlockType="Gain" Name="State feedforward&#x9;" SID="45">
    <P Name="Position">[5, -45, 35, -15]</P>
    <P Name="ZOrder">5</P>
    <P Name="Gain">N_x</P>
    <P Name="Multiplication">Matrix(u*K)</P>
  </Block>
  <Block BlockType="Sum" Name="Sum" SID="46">
    <P Name="Ports">[2, 1]</P>
    <P Name="Position">[290, -40, 310, -20]</P>
    <P Name="ZOrder">6</P>
    <P Name="Inputs">++|</P>
  </Block>
  <Block BlockType="Sum" Name="Sum2" SID="49">
    <P Name="Ports">[2, 1]</P>
    <P Name="Position">[90, -40, 110, -20]</P>
    <P Name="ZOrder">54</P>
    <P Name="Inputs">|+-</P>
  </Block>
  <Block BlockType="Gain" Name="deg2rad" SID="44">
    <P Name="Position">[-100, -45, -70, -15]</P>
    <P Name="ZOrder">4</P>
    <P Name="Gain">deg2rad</P>
  </Block>
  <Block BlockType="Outport" Name="u[V]" SID="40">
    <P Name="Position">[490, -37, 520, -23]</P>
    <P Name="ZOrder">-2</P>
  </Block>
  <Line>
    <P Name="ZOrder">1</P>
    <P Name="Src">39#out:1</P>
    <P Name="Dst">44#in:1</P>
  </Line>
  <Line>
    <P Name="ZOrder">5</P>
    <P Name="Src">44#out:1</P>
    <P Name="Points">[20, 0]</P>
    <Branch>
      <P Name="ZOrder">12</P>
      <P Name="Points">[0, -100]</P>
      <P Name="Dst">50#in:1</P>
    </Branch>
    <Branch>
      <P Name="ZOrder">11</P>
      <P Name="Dst">45#in:1</P>
    </Branch>
  </Line>
  <Line>
    <P Name="ZOrder">8</P>
    <P Name="Src">47#out:1</P>
    <P Name="Dst">46#in:2</P>
  </Line>
  <Line>
    <P Name="ZOrder">9</P>
    <P Name="Src">45#out:1</P>
    <P Name="Dst">49#in:1</P>
  </Line>
  <Line>
    <P Name="ZOrder">10</P>
    <P Name="Src">49#out:1</P>
    <P Name="Dst">47#in:1</P>
  </Line>
  <Line>
    <P Name="ZOrder">13</P>
    <P Name="Src">50#out:1</P>
    <P Name="Points">[240, 0]</P>
    <P Name="Dst">46#in:1</P>
  </Line>
  <Line>
    <P Name="ZOrder">14</P>
    <P Name="Src">46#out:1</P>
    <P Name="Dst">51#in:1</P>
  </Line>
  <Line>
    <P Name="ZOrder">15</P>
    <P Name="Src">51#out:1</P>
    <P Name="Dst">40#in:1</P>
  </Line>
  <Line>
    <P Name="ZOrder">25</P>
    <P Name="Src">42#out:1</P>
    <P Name="Dst">52#in:1</P>
  </Line>
  <Line>
    <P Name="ZOrder">26</P>
    <P Name="Src">43#out:1</P>
    <P Name="Dst">52#in:2</P>
  </Line>
  <Line>
    <P Name="ZOrder">22</P>
    <P Name="Src">52#out:1</P>
    <P Name="Points">[-80, 0]</P>
    <P Name="Dst">69#in:1</P>
  </Line>
  <Line>
    <P Name="ZOrder">27</P>
    <P Name="Src">69#out:1</P>
    <P Name="Dst">49#in:2</P>
  </Line>
</System>
