<?xml version="1.0" encoding="utf-8"?>
<System>
  <P Name="Location">[595, 470, 1877, 1271]</P>
  <P Name="SystemRect">[0.000000, 0.000000, 0.000000, 0.000000]</P>
  <P Name="SetExecutionDomain">off</P>
  <P Name="ExecutionDomainType">Deduce</P>
  <P Name="SimulinkSubDomain">Simulink</P>
  <Block BlockType="Inport" Name="In" SID="205">
    <P Name="Position">[20, 28, 50, 42]</P>
    <P Name="ZOrder">31</P>
  </Block>
  <Block BlockType="Quantizer" Name="Quantizer" SID="206">
    <P Name="Position">[175, 20, 205, 50]</P>
    <P Name="ZOrder">34</P>
    <P Name="ShowName">off</P>
    <P Name="QuantizationInterval">daq.dac.q</P>
  </Block>
  <Block BlockType="Saturate" Name="Saturation" SID="207">
    <P Name="Position">[250, 20, 280, 50]</P>
    <P Name="ZOrder">35</P>
    <P Name="ShowName">off</P>
    <P Name="UpperLimit">daq.dac.fs</P>
    <P Name="LowerLimit">-daq.dac.fs</P>
  </Block>
  <Block BlockType="ZeroOrderHold" Name="Zero-Order&#xA;Hold" SID="208">
    <P Name="Position">[90, 20, 125, 50]</P>
    <P Name="ZOrder">33</P>
    <P Name="ShowName">off</P>
    <P Name="SampleTime">Ts</P>
  </Block>
  <Block BlockType="Outport" Name="Out" SID="209">
    <P Name="Position">[325, 28, 355, 42]</P>
    <P Name="ZOrder">32</P>
  </Block>
  <Line>
    <P Name="ZOrder">1</P>
    <P Name="Src">206#out:1</P>
    <P Name="Dst">207#in:1</P>
  </Line>
  <Line>
    <P Name="ZOrder">2</P>
    <P Name="Src">205#out:1</P>
    <P Name="Dst">208#in:1</P>
  </Line>
  <Line>
    <P Name="ZOrder">3</P>
    <P Name="Src">208#out:1</P>
    <P Name="Dst">206#in:1</P>
  </Line>
  <Line>
    <P Name="ZOrder">4</P>
    <P Name="Src">207#out:1</P>
    <P Name="Dst">209#in:1</P>
  </Line>
</System>
