<?xml version="1.0" encoding="UTF-8"?>
<sltp_graph version="1.1" packageUris="http://schema.mathworks.com/mf0/sltp_mm/R2020b_202003251737">
  <sltp.mm.core.Context type="sltp.mm.core.Context" uuid="12602ff8-575d-45e7-bc12-75dabdb7bb19">
    <priorityDirection>HighNumberLast</priorityDirection>
    <editorState type="sltp.mm.core.EditorState" uuid="7c09ce62-97fa-4f90-81c8-381fea60607b">
      <isSynchronized>true</isSynchronized>
    </editorState>
    <rootTask type="sltp.mm.core.Task" uuid="4d4f1ec6-d39d-4942-8067-7f94ba6f8687">
      <context type="sltp.mm.core.Context" uuid="12602ff8-575d-45e7-bc12-75dabdb7bb19"/>
      <explicit>false</explicit>
      <name>Default</name>
      <priority>-2147483648</priority>
      <subgraph type="sltp.mm.core.Graph" uuid="153e5e99-51c9-493a-807b-f1241f48994d">
        <tasks type="sltp.mm.core.Task" uuid="eed2270d-d572-40f6-880e-14697c700bf2">
          <baseTask>true</baseTask>
          <context type="sltp.mm.core.Context" uuid="12602ff8-575d-45e7-bc12-75dabdb7bb19"/>
          <explicit>false</explicit>
          <id>1</id>
          <isTimed>true</isTimed>
          <name>Cont</name>
          <priority>40</priority>
          <rates type="sltp.mm.core.Rate" uuid="e9e69db2-453c-46c1-bdad-9b07bad45489">
            <annotation>Cont</annotation>
            <color>255</color>
            <hasBlocks>true</hasBlocks>
            <rateSpec type="sltp.mm.core.RateSpec">
              <period>0.0</period>
            </rateSpec>
            <sti>0</sti>
          </rates>
          <rates type="sltp.mm.core.Rate" uuid="98821031-f40e-46d7-897d-a6a8bf6dc9cd">
            <annotation>FiM</annotation>
            <color>-2139062017</color>
            <hasBlocks>true</hasBlocks>
            <rateSpec type="sltp.mm.core.RateSpec">
              <offset>1.0</offset>
              <period>0.0</period>
            </rateSpec>
            <sti>1</sti>
          </rates>
          <rates type="sltp.mm.core.Rate" uuid="e79634e0-ad41-4521-a873-5703ada8f6ae">
            <annotation>D1</annotation>
            <color>-436207361</color>
            <hasBlocks>true</hasBlocks>
            <rateSpec type="sltp.mm.core.RateSpec">
              <period>.001</period>
            </rateSpec>
            <sti>2</sti>
          </rates>
          <rates type="sltp.mm.core.Rate" uuid="9d075131-9ed4-49d1-b9ba-579521020fe8">
            <annotation>D2</annotation>
            <color>13697279</color>
            <hasBlocks>true</hasBlocks>
            <rateSpec type="sltp.mm.core.RateSpec">
              <period>.05</period>
            </rateSpec>
            <sti>3</sti>
          </rates>
        </tasks>
      </subgraph>
    </rootTask>
  </sltp.mm.core.Context>
</sltp_graph>