<?xml version="1.0" encoding="utf-8"?>
<System>
  <P Name="Location">[595, 470, 1877, 1271]</P>
  <P Name="SystemRect">[0.000000, 0.000000, 0.000000, 0.000000]</P>
  <P Name="SetExecutionDomain">off</P>
  <P Name="ExecutionDomainType">Deduce</P>
  <P Name="SimulinkSubDomain">Simulink</P>
  <Block BlockType="Inport" Name="th [deg]" SID="344">
    <P Name="Position">[320, 58, 350, 72]</P>
    <P Name="ZOrder">29</P>
    <P Name="BlockMirror">on</P>
  </Block>
  <Block BlockType="Quantizer" Name="Quantizer" SID="345">
    <P Name="Position">[155, 50, 185, 80]</P>
    <P Name="ZOrder">28</P>
    <P Name="BlockMirror">on</P>
    <P Name="ShowName">off</P>
    <P Name="QuantizationInterval">sens.enc.pulse2deg</P>
  </Block>
  <Block BlockType="ZeroOrderHold" Name="Zero-Order&#xA;Hold" SID="346">
    <P Name="Position">[230, 50, 265, 80]</P>
    <P Name="ZOrder">31</P>
    <P Name="BlockMirror">on</P>
    <P Name="ShowName">off</P>
    <P Name="SampleTime">Ts</P>
  </Block>
  <Block BlockType="Gain" Name="deg2pulse" SID="347">
    <P Name="Position">[85, 50, 115, 80]</P>
    <P Name="ZOrder">39</P>
    <P Name="BlockMirror">on</P>
    <P Name="Gain">sens.enc.deg2pulse</P>
  </Block>
  <Block BlockType="Outport" Name="th [pulses]" SID="348">
    <P Name="Position">[20, 58, 50, 72]</P>
    <P Name="ZOrder">30</P>
    <P Name="BlockMirror">on</P>
  </Block>
  <Line>
    <P Name="ZOrder">1</P>
    <P Name="Src">345#out:1</P>
    <P Name="Dst">347#in:1</P>
  </Line>
  <Line>
    <P Name="ZOrder">2</P>
    <P Name="Src">344#out:1</P>
    <P Name="Dst">346#in:1</P>
  </Line>
  <Line>
    <P Name="ZOrder">3</P>
    <P Name="Src">346#out:1</P>
    <P Name="Dst">345#in:1</P>
  </Line>
  <Line>
    <P Name="ZOrder">4</P>
    <P Name="Src">347#out:1</P>
    <P Name="Dst">348#in:1</P>
  </Line>
</System>
