<?xml version="1.0" encoding="utf-8"?>
<System>
  <P Name="Location">[500, 328, 1535, 1122]</P>
  <P Name="SystemRect">[0.000000, 0.000000, 0.000000, 0.000000]</P>
  <P Name="SetExecutionDomain">off</P>
  <P Name="ExecutionDomainType">Deduce</P>
  <P Name="SimulinkSubDomain">Simulink</P>
  <Block BlockType="Inport" Name="In" SID="331">
    <P Name="Position">[355, 28, 385, 42]</P>
    <P Name="ZOrder">273</P>
    <P Name="BlockMirror">on</P>
    <P Name="HideAutomaticName">off</P>
  </Block>
  <Block BlockType="Quantizer" Name="Quantizer" SID="332">
    <P Name="Position">[215, 20, 245, 50]</P>
    <P Name="ZOrder">269</P>
    <P Name="BlockMirror">on</P>
    <P Name="QuantizationInterval">daq.adc.q</P>
  </Block>
  <Block BlockType="Saturate" Name="Saturation" SID="333">
    <P Name="Position">[150, 20, 180, 50]</P>
    <P Name="ZOrder">272</P>
    <P Name="BlockMirror">on</P>
    <P Name="UpperLimit">daq.adc.fs</P>
    <P Name="LowerLimit">-daq.adc.fs</P>
  </Block>
  <Block BlockType="ZeroOrderHold" Name="Zero-Order&#xA;Hold" SID="334">
    <P Name="Position">[280, 20, 320, 50]</P>
    <P Name="ZOrder">270</P>
    <P Name="BlockMirror">on</P>
    <P Name="SampleTime">Ts</P>
  </Block>
  <Block BlockType="Outport" Name="Out" SID="335">
    <P Name="Position">[75, 28, 105, 42]</P>
    <P Name="ZOrder">274</P>
    <P Name="BlockMirror">on</P>
    <P Name="HideAutomaticName">off</P>
  </Block>
  <Line>
    <P Name="ZOrder">1</P>
    <P Name="Src">333#out:1</P>
    <P Name="Dst">335#in:1</P>
  </Line>
  <Line>
    <P Name="ZOrder">2</P>
    <P Name="Src">331#out:1</P>
    <P Name="Dst">334#in:1</P>
  </Line>
  <Line>
    <P Name="ZOrder">3</P>
    <P Name="Src">332#out:1</P>
    <P Name="Dst">333#in:1</P>
  </Line>
  <Line>
    <P Name="ZOrder">4</P>
    <P Name="Src">334#out:1</P>
    <P Name="Dst">332#in:1</P>
  </Line>
</System>
