<?xml version="1.0" encoding="utf-8"?>
<System>
  <P Name="Location">[409, 14, 1394, 751]</P>
  <P Name="SystemRect">[0.000000, 0.000000, 0.000000, 0.000000]</P>
  <P Name="Open">on</P>
  <P Name="SetExecutionDomain">off</P>
  <P Name="ExecutionDomainType">Deduce</P>
  <P Name="ZoomFactor">50</P>
  <P Name="ReportName">simulink-default.rpt</P>
  <P Name="SIDHighWatermark">398</P>
  <P Name="SimulinkSubDomain">Simulink</P>
  <Block BlockType="TransferFcn" Name="Acceleration Filter1" SID="316">
    <P Name="Position">[220, 606, 305, 674]</P>
    <P Name="ZOrder">576</P>
    <P Name="Numerator">[numHwa]</P>
    <P Name="Denominator">[denHwa]</P>
    <Port>
      <P Name="PortNumber">1</P>
      <P Name="Name">acc[rpm/s]</P>
    </Port>
  </Block>
  <Block BlockType="Delay" Name="Delay" SID="325">
    <P Name="Ports">[1, 1]</P>
    <P Name="Position">[855, 33, 890, 67]</P>
    <P Name="ZOrder">587</P>
    <P Name="InputPortMap">u0</P>
    <P Name="DelayLength">1</P>
    <P Name="InitialCondition">0</P>
  </Block>
  <Block BlockType="Demux" Name="Demux" SID="73">
    <P Name="Ports">[1, 2]</P>
    <P Name="Position">[41, 265, 94, 270]</P>
    <P Name="ZOrder">77</P>
    <P Name="BlockRotation">270</P>
    <P Name="NameLocation">left</P>
    <P Name="Outputs">2</P>
    <Port>
      <P Name="PortNumber">1</P>
      <P Name="Name">thl_est</P>
    </Port>
    <Port>
      <P Name="PortNumber">2</P>
      <P Name="Name">wl_est</P>
    </Port>
  </Block>
  <Block BlockType="DiscreteStateSpace" Name="Discrete State-Space1" SID="355">
    <P Name="Position">[150, 345, 250, 395]</P>
    <P Name="ZOrder">588</P>
    <P Name="BlockMirror">on</P>
    <P Name="A">PHI</P>
    <P Name="B">GAMMA</P>
    <P Name="C">H0</P>
    <P Name="D">[0 0;0 0]</P>
    <P Name="SampleTime">T</P>
  </Block>
  <Block BlockType="From" Name="From10" SID="307">
    <P Name="Position">[770, 369, 835, 391]</P>
    <P Name="ZOrder">565</P>
    <P Name="BlockMirror">on</P>
    <P Name="GotoTag">thl_pulses</P>
  </Block>
  <Block BlockType="From" Name="From11" SID="309">
    <P Name="Position">[675, 639, 740, 661]</P>
    <P Name="ZOrder">573</P>
    <P Name="GotoTag">u_control</P>
    <Port>
      <P Name="PortNumber">1</P>
      <P Name="Name">u [V]</P>
    </Port>
  </Block>
  <Block BlockType="From" Name="From2" SID="317">
    <P Name="Position">[80, 629, 145, 651]</P>
    <P Name="ZOrder">577</P>
    <P Name="GotoTag">wl_rpm</P>
  </Block>
  <Block BlockType="From" Name="From3" SID="324">
    <P Name="Position">[70, 9, 135, 31]</P>
    <P Name="ZOrder">582</P>
    <P Name="GotoTag">thl_deg</P>
  </Block>
  <Block BlockType="From" Name="From4" SID="318">
    <P Name="Position">[80, 509, 145, 531]</P>
    <P Name="ZOrder">580</P>
    <P Name="GotoTag">thl_deg</P>
  </Block>
  <Block BlockType="From" Name="From5" SID="310">
    <P Name="Position">[675, 594, 740, 616]</P>
    <P Name="ZOrder">568</P>
    <P Name="GotoTag">acc_rpms</P>
    <Port>
      <P Name="PortNumber">1</P>
      <P Name="Name">acc [rpms]</P>
      <P Name="PropagatedSignals">acc[rpm/s]</P>
    </Port>
  </Block>
  <Block BlockType="From" Name="From6" SID="311">
    <P Name="Position">[675, 504, 740, 526]</P>
    <P Name="ZOrder">569</P>
    <P Name="GotoTag">thl_deg</P>
    <Port>
      <P Name="PortNumber">1</P>
      <P Name="Name">thl_meas [deg]</P>
      <P Name="PropagatedSignals">thl_meas</P>
    </Port>
  </Block>
  <Block BlockType="From" Name="From7" SID="326">
    <P Name="Position">[620, 59, 685, 81]</P>
    <P Name="ZOrder">584</P>
    <P Name="GotoTag">u_control</P>
    <Port>
      <P Name="PortNumber">1</P>
      <P Name="Name">u [V]</P>
    </Port>
  </Block>
  <Block BlockType="From" Name="From8" SID="312">
    <P Name="Position">[675, 549, 740, 571]</P>
    <P Name="ZOrder">572</P>
    <P Name="GotoTag">wl_rpm</P>
    <Port>
      <P Name="PortNumber">1</P>
      <P Name="Name">wl [rpm]</P>
    </Port>
  </Block>
  <Block BlockType="Gain" Name="Gain" SID="356">
    <P Name="Position">[185, 410, 215, 440]</P>
    <P Name="ZOrder">590</P>
    <P Name="BlockMirror">on</P>
    <P Name="Gain">J0(:,2)</P>
  </Block>
  <Block BlockType="Goto" Name="Goto" SID="327">
    <P Name="Position">[930, 39, 995, 61]</P>
    <P Name="ZOrder">583</P>
    <P Name="GotoTag">thl_pulses</P>
  </Block>
  <Block BlockType="Goto" Name="Goto2" SID="267">
    <P Name="Position">[455, 59, 520, 81]</P>
    <P Name="ZOrder">564</P>
    <P Name="GotoTag">u_control</P>
  </Block>
  <Block BlockType="Goto" Name="Goto3" SID="308">
    <P Name="Position">[770, 289, 835, 311]</P>
    <P Name="ZOrder">566</P>
    <P Name="GotoTag">thl_deg</P>
  </Block>
  <Block BlockType="Goto" Name="Goto4" SID="319">
    <P Name="Position">[475, 509, 540, 531]</P>
    <P Name="ZOrder">578</P>
    <P Name="GotoTag">wl_rpm</P>
  </Block>
  <Block BlockType="Goto" Name="Goto6" SID="320">
    <P Name="Position">[475, 629, 540, 651]</P>
    <P Name="ZOrder">579</P>
    <P Name="GotoTag">acc_rpms</P>
  </Block>
  <Block BlockType="ManualSwitch" Name="Manual Switch2" SID="237">
    <P Name="Position">[360, 50, 395, 85]</P>
    <P Name="ZOrder">487</P>
    <P Name="CurrentSetting">0</P>
  </Block>
  <Block BlockType="Mux" Name="Mux" SID="76">
    <P Name="Ports">[2, 1]</P>
    <P Name="Position">[360, 351, 365, 389]</P>
    <P Name="ZOrder">78</P>
    <P Name="BlockMirror">on</P>
    <P Name="Inputs">2</P>
    <P Name="DisplayOption">bar</P>
  </Block>
  <Block BlockType="SubSystem" Name="Quanser SRV-02 + NI DAQ" SID="328">
    <P Name="Ports">[1, 2]</P>
    <P Name="Position">[735, 32, 815, 108]</P>
    <P Name="ZOrder">585</P>
    <P Name="RequestExecContextInheritance">off</P>
    <Mask>
      <Type>Quanser SRV-02 (with inertial load) + NI DAQ</Type>
      <Display RunInitForIconRedraw="off"/>
      <Description>Quanser SRV-02 (with inertial load) + NI DAQ model.
</Description>
      <Initialization>%%  Sensors data

%   shunt resistor
sens.curr.Rs = 0.5;                         %   resistance [Ohm]   
sens.curr.uRs_std = 0.01;                   %   voltage noise standard dev [V]                           
sens.curr.uRs_var = sens.curr.uRs_std^2;	%   voltage noise variance [V^2]

%   Hewlett-Packard HEDS-5540#A06 optical encoder
sens.enc.ppr = 500*4;                       %   pulses per rotation
sens.enc.pulse2deg = 360/sens.enc.ppr;      %   [pulses] -&gt; [deg]
sens.enc.pulse2rad = 2*pi/sens.enc.ppr;     %   [pulses] -&gt; [rad]
sens.enc.deg2pulse = sens.enc.ppr/360;      %   [deg] -&gt; [pulses]
sens.enc.rad2pulse = sens.enc.ppr/2/pi;     %   [rad] -&gt; [pulses]


%%  Data acquisition board (daq) data

%   NI PCI-6221 DAC data
daq.dac.bits = 16;                                  %   resolution (bits)
daq.dac.fs   = 10;                                  %   full scale 
daq.dac.q    = 2*daq.dac.fs/(2^daq.dac.bits-1);     %	quantization

%   NI PCI-6221 ADC data
daq.adc.bits = 16;                                  %   resolution (bits)
daq.adc.fs   = 10;                                  %   full scale (as set in SLDRT Analog Input block)
daq.adc.q    = 2*daq.adc.fs/(2^daq.adc.bits-1);     %   quantization   </Initialization>
      <Help>Riccardo Antonello (antonello@dei.unipd.it)

April 24, 2020

Dept. of Information Engineering, University of Padova
</Help>
      <MaskParameter Name="Ts" Type="edit">
        <Prompt>NI DAQ Sample Time:</Prompt>
        <Value>0.001</Value>
      </MaskParameter>
      <MaskParameter Name="fricType" Type="popup">
        <Prompt>Friction model</Prompt>
        <Value>Coulomb + viscous</Value>
        <TypeOptions>
          <Option>Coulomb + viscous</Option>
          <Option>Karnopp</Option>
        </TypeOptions>
      </MaskParameter>
      <DialogControl Type="Group" Name="DescGroupVar">
        <Prompt>%&lt;MaskType&gt;</Prompt>
        <DialogControl Type="Text" Name="DescTextVar">
          <Prompt>%&lt;MaskDescription&gt;</Prompt>
        </DialogControl>
      </DialogControl>
      <DialogControl Type="Group" Name="ParameterGroupVar">
        <Prompt>Simulink:studio:ToolBarParametersMenu</Prompt>
        <DialogControl Type="Edit" Name="Ts">
          <Prompt>NI DAQ Sample Time:</Prompt>
        </DialogControl>
        <DialogControl Type="Popup" Name="fricType">
          <Prompt>Friction model</Prompt>
          <ControlOptions PromptLocation="left"/>
        </DialogControl>
      </DialogControl>
    </Mask>
    <Port>
      <P Name="PortNumber">2</P>
      <P Name="Name">wl</P>
    </Port>
    <System Ref="system_328"/>
  </Block>
  <Block BlockType="Scope" Name="Scope1" SID="315">
    <P Name="Ports">[4]</P>
    <P Name="Position">[800, 491, 875, 674]</P>
    <P Name="ZOrder">567</P>
    <P Name="ScopeSpecificationString">Simulink.scopes.TimeScopeBlockCfg(&apos;CurrentConfiguration&apos;, extmgr.ConfigurationSet(extmgr.Configuration(&apos;Core&apos;,&apos;General UI&apos;,true),extmgr.Configuration(&apos;Core&apos;,&apos;Source UI&apos;,true),extmgr.Configuration(&apos;Sources&apos;,&apos;WiredSimulink&apos;,true,&apos;DataLogging&apos;,true,&apos;DataLoggingSaveFormat&apos;,&apos;StructureWithTime&apos;,&apos;DataLoggingVariableName&apos;,&apos;MotorData&apos;),extmgr.Configuration(&apos;Visuals&apos;,&apos;Time Domain&apos;,true,&apos;SerializedDisplays&apos;,{struct(&apos;MinYLimReal&apos;,&apos;-7.56&apos;,&apos;MaxYLimReal&apos;,&apos;68.04&apos;,&apos;YLabelReal&apos;,&apos;&apos;,&apos;MinYLimMag&apos;,&apos;0.00000&apos;,&apos;MaxYLimMag&apos;,&apos;68.04&apos;,&apos;LegendVisibility&apos;,&apos;On&apos;,&apos;XGrid&apos;,true,&apos;YGrid&apos;,true,&apos;PlotMagPhase&apos;,false,&apos;AxesColor&apos;,[0 0 0],&apos;AxesTickColor&apos;,[0.686274509803922 0.686274509803922 0.686274509803922],&apos;ColorOrder&apos;,[1 1 0.0666666666666667;0.0745098039215686 0.623529411764706 1;1 0.411764705882353 0.16078431372549;0.392156862745098 0.831372549019608 0.0745098039215686;0.717647058823529 0.274509803921569 1;0.0588235294117647 1 1;1 0.0745098039215686 0.650980392156863],&apos;Title&apos;,&apos;%&lt;SignalLabel&gt;&apos;,&apos;LinePropertiesCache&apos;,{{}},&apos;UserDefinedChannelNames&apos;,{{}},&apos;NumLines&apos;,1,&apos;LineNames&apos;,{{&apos;thl_meas [deg]&apos;}},&apos;ShowContent&apos;,true,&apos;Placement&apos;,1),struct(&apos;MinYLimReal&apos;,&apos;-299.5302&apos;,&apos;MaxYLimReal&apos;,&apos;300.29481&apos;,&apos;YLabelReal&apos;,&apos;&apos;,&apos;MinYLimMag&apos;,&apos;0.00000&apos;,&apos;MaxYLimMag&apos;,&apos;1.00000&apos;,&apos;LegendVisibility&apos;,&apos;On&apos;,&apos;XGrid&apos;,true,&apos;YGrid&apos;,true,&apos;PlotMagPhase&apos;,false,&apos;AxesColor&apos;,[0 0 0],&apos;AxesTickColor&apos;,[0.686274509803922 0.686274509803922 0.686274509803922],&apos;ColorOrder&apos;,[1 1 0.0666666666666667;0.0745098039215686 0.623529411764706 1;1 0.411764705882353 0.16078431372549;0.392156862745098 0.831372549019608 0.0745098039215686;0.717647058823529 0.274509803921569 1;0.0588235294117647 1 1;1 0.0745098039215686 0.650980392156863],&apos;Title&apos;,&apos;%&lt;SignalLabel&gt;&apos;,&apos;LinePropertiesCache&apos;,{{}},&apos;UserDefinedChannelNames&apos;,{{}},&apos;NumLines&apos;,1,&apos;LineNames&apos;,{{&apos;wl [rpm]&apos;}},&apos;ShowContent&apos;,true,&apos;Placement&apos;,2),struct(&apos;MinYLimReal&apos;,&apos;-16740.07925&apos;,&apos;MaxYLimReal&apos;,&apos;16775.48355&apos;,&apos;YLabelReal&apos;,&apos;&apos;,&apos;MinYLimMag&apos;,&apos;0.00000&apos;,&apos;MaxYLimMag&apos;,&apos;1.00000&apos;,&apos;LegendVisibility&apos;,&apos;On&apos;,&apos;XGrid&apos;,true,&apos;YGrid&apos;,true,&apos;PlotMagPhase&apos;,false,&apos;AxesColor&apos;,[0 0 0],&apos;AxesTickColor&apos;,[0.686274509803922 0.686274509803922 0.686274509803922],&apos;ColorOrder&apos;,[1 1 0.0666666666666667;0.0745098039215686 0.623529411764706 1;1 0.411764705882353 0.16078431372549;0.392156862745098 0.831372549019608 0.0745098039215686;0.717647058823529 0.274509803921569 1;0.0588235294117647 1 1;1 0.0745098039215686 0.650980392156863],&apos;Title&apos;,&apos;%&lt;SignalLabel&gt;&apos;,&apos;LinePropertiesCache&apos;,{{}},&apos;UserDefinedChannelNames&apos;,{{}},&apos;NumLines&apos;,1,&apos;LineNames&apos;,{{&apos;acc [rpms]&apos;}},&apos;ShowContent&apos;,true,&apos;Placement&apos;,3),struct(&apos;MinYLimReal&apos;,&apos;-12.5&apos;,&apos;MaxYLimReal&apos;,&apos;12.5&apos;,&apos;YLabelReal&apos;,&apos;&apos;,&apos;MinYLimMag&apos;,&apos;0.00000&apos;,&apos;MaxYLimMag&apos;,&apos;1.00000&apos;,&apos;LegendVisibility&apos;,&apos;On&apos;,&apos;XGrid&apos;,true,&apos;YGrid&apos;,true,&apos;PlotMagPhase&apos;,false,&apos;AxesColor&apos;,[0 0 0],&apos;AxesTickColor&apos;,[0.686274509803922 0.686274509803922 0.686274509803922],&apos;ColorOrder&apos;,[1 1 0.0666666666666667;0.0745098039215686 0.623529411764706 1;1 0.411764705882353 0.16078431372549;0.392156862745098 0.831372549019608 0.0745098039215686;0.717647058823529 0.274509803921569 1;0.0588235294117647 1 1;1 0.0745098039215686 0.650980392156863],&apos;Title&apos;,&apos;%&lt;SignalLabel&gt;&apos;,&apos;LinePropertiesCache&apos;,{{}},&apos;UserDefinedChannelNames&apos;,{{}},&apos;NumLines&apos;,1,&apos;LineNames&apos;,{{&apos;u [V]&apos;}},&apos;ShowContent&apos;,true,&apos;Placement&apos;,4),struct(&apos;MinYLimReal&apos;,&apos;-28.975&apos;,&apos;MaxYLimReal&apos;,&apos;58.775&apos;,&apos;YLabelReal&apos;,&apos;&apos;,&apos;MinYLimMag&apos;,&apos;0.00000&apos;,&apos;MaxYLimMag&apos;,&apos;1.00000&apos;,&apos;LegendVisibility&apos;,&apos;On&apos;,&apos;XGrid&apos;,true,&apos;YGrid&apos;,true,&apos;PlotMagPhase&apos;,false,&apos;AxesColor&apos;,[0 0 0],&apos;AxesTickColor&apos;,[0.686274509803922 0.686274509803922 0.686274509803922],&apos;ColorOrder&apos;,[1 1 0.0666666666666667;0.0745098039215686 0.623529411764706 1;1 0.411764705882353 0.16078431372549;0.392156862745098 0.831372549019608 0.0745098039215686;0.717647058823529 0.274509803921569 1;0.0588235294117647 1 1;1 0.0745098039215686 0.650980392156863],&apos;Title&apos;,&apos;%&lt;SignalLabel&gt;&apos;,&apos;LinePropertiesCache&apos;,{{}},&apos;UserDefinedChannelNames&apos;,{{}},&apos;NumLines&apos;,0,&apos;LineNames&apos;,{{}},&apos;ShowContent&apos;,false,&apos;Placement&apos;,5),struct(&apos;MinYLimReal&apos;,&apos;-10.00000&apos;,&apos;MaxYLimReal&apos;,&apos;10.00000&apos;,&apos;YLabelReal&apos;,&apos;&apos;,&apos;MinYLimMag&apos;,&apos;0&apos;,&apos;MaxYLimMag&apos;,&apos;10&apos;,&apos;LegendVisibility&apos;,&apos;off&apos;,&apos;XGrid&apos;,true,&apos;YGrid&apos;,true,&apos;PlotMagPhase&apos;,false,&apos;AxesColor&apos;,[0 0 0],&apos;AxesTickColor&apos;,[0.686274509803922 0.686274509803922 0.686274509803922],&apos;ColorOrder&apos;,[1 1 0.0666666666666667;0.0745098039215686 0.623529411764706 1;1 0.411764705882353 0.16078431372549;0.392156862745098 0.831372549019608 0.0745098039215686;0.717647058823529 0.274509803921569 1;0.0588235294117647 1 1;1 0.0745098039215686 0.650980392156863],&apos;Title&apos;,&apos;&apos;,&apos;LinePropertiesCache&apos;,{{}},&apos;UserDefinedChannelNames&apos;,{{}},&apos;NumLines&apos;,0,&apos;LineNames&apos;,{{}},&apos;ShowContent&apos;,false,&apos;Placement&apos;,6)},&apos;DisplayPropertyDefaults&apos;,struct(&apos;YLabelReal&apos;,&apos;&apos;,&apos;AxesColor&apos;,[0 0 0],&apos;AxesTickColor&apos;,[0.686274509803922 0.686274509803922 0.686274509803922],&apos;ColorOrder&apos;,[0.0745098039215686 0.623529411764706 1;1 0.411764705882353 0.16078431372549;1 1 0.0666666666666667;0.717647058823529 0.274509803921569 1;0.392156862745098 0.831372549019608 0.0745098039215686;0.0588235294117647 1 1;1 0.0745098039215686 0.650980392156863]),&apos;DisplayLayoutDimensions&apos;,[3 2],&apos;DisplayContentCache&apos;,[]),extmgr.Configuration(&apos;Tools&apos;,&apos;Plot Navigation&apos;,true,&apos;OnceAtStop&apos;,false,&apos;PreviousAutoscale&apos;,&apos;XY&apos;),extmgr.Configuration(&apos;Tools&apos;,&apos;Measurements&apos;,true,&apos;Version&apos;,&apos;2020b&apos;)),&apos;Version&apos;,&apos;2020b&apos;,&apos;Position&apos;,[259.666666666667 -61 766.666666666667 650])</P>
    <P Name="NumInputPorts">4</P>
    <P Name="Floating">off</P>
  </Block>
  <Block BlockType="TransferFcn" Name="Speed Filter1" SID="321">
    <P Name="Position">[220, 486, 305, 554]</P>
    <P Name="ZOrder">574</P>
    <P Name="Numerator">[numHws]</P>
    <P Name="Denominator">[denHws]</P>
    <Port>
      <P Name="PortNumber">1</P>
      <P Name="Name">wl [degs]</P>
    </Port>
  </Block>
  <Block BlockType="SubSystem" Name="State-space Controller" SID="38">
    <P Name="Ports">[4, 2]</P>
    <P Name="Position">[175, 9, 290, 121]</P>
    <P Name="ZOrder">58</P>
    <P Name="RequestExecContextInheritance">off</P>
    <Mask>
      <Display IconFrame="off" RunInitForIconRedraw="off"/>
    </Mask>
    <System Ref="system_38"/>
  </Block>
  <Block BlockType="Step" Name="Step" SID="55">
    <P Name="Position">[-10, 35, 20, 65]</P>
    <P Name="ZOrder">59</P>
    <P Name="After">step_size</P>
    <P Name="SampleTime">0</P>
    <Port>
      <P Name="PortNumber">1</P>
      <P Name="Name">thl_ref</P>
    </Port>
  </Block>
  <Block BlockType="Sum" Name="Sum" SID="357">
    <P Name="Ports">[2, 1]</P>
    <P Name="Position">[90, 345, 110, 365]</P>
    <P Name="ZOrder">589</P>
    <P Name="BlockMirror">on</P>
    <P Name="Inputs">|++</P>
  </Block>
  <Block BlockType="Terminator" Name="Terminator" SID="354">
    <P Name="Position">[895, 80, 915, 100]</P>
    <P Name="ZOrder">586</P>
  </Block>
  <Block BlockType="Gain" Name="deg2rad" SID="78">
    <P Name="Position">[455, 365, 485, 395]</P>
    <P Name="ZOrder">79</P>
    <P Name="BlockMirror">on</P>
    <P Name="Gain">deg2rad</P>
    <Port>
      <P Name="PortNumber">1</P>
      <P Name="Name">thl_meas</P>
    </Port>
  </Block>
  <Block BlockType="Gain" Name="degs2rpm1" SID="322">
    <P Name="Position">[380, 505, 410, 535]</P>
    <P Name="ZOrder">575</P>
    <P Name="Gain">degs2rpm</P>
    <Port>
      <P Name="PortNumber">1</P>
      <P Name="Name">wl [rpm]</P>
    </Port>
  </Block>
  <Block BlockType="Gain" Name="pulse2deg" SID="36">
    <P Name="Position">[700, 365, 730, 395]</P>
    <P Name="ZOrder">56</P>
    <P Name="BlockMirror">on</P>
    <P Name="Gain">sens.enc.pulse2deg</P>
    <Port>
      <P Name="PortNumber">1</P>
      <P Name="Name">thl_meas</P>
    </Port>
  </Block>
  <Line>
    <P Name="Name">thl_ref</P>
    <P Name="ZOrder">16</P>
    <P Name="Labels">[1, 1]</P>
    <P Name="Src">55#out:1</P>
    <P Name="Dst">38#in:2</P>
  </Line>
  <Line>
    <P Name="Name">thl_meas</P>
    <P Name="ZOrder">48</P>
    <P Name="Src">36#out:1</P>
    <P Name="Points">[-32, 0]</P>
    <Branch>
      <P Name="ZOrder">173</P>
      <P Name="Points">[0, -80]</P>
      <P Name="Dst">308#in:1</P>
    </Branch>
    <Branch>
      <P Name="ZOrder">172</P>
      <P Name="Labels">[-1, 0]</P>
      <P Name="Dst">78#in:1</P>
    </Branch>
  </Line>
  <Line>
    <P Name="Name">thl_est</P>
    <P Name="ZOrder">49</P>
    <P Name="Labels">[1, 0]</P>
    <P Name="Src">73#out:1</P>
    <P Name="Points">[0, -180]</P>
    <P Name="Dst">38#in:3</P>
  </Line>
  <Line>
    <P Name="Name">thl_meas</P>
    <P Name="ZOrder">41</P>
    <P Name="Labels">[0, 0]</P>
    <P Name="Src">78#out:1</P>
    <P Name="Points">[-29, 0]</P>
    <Branch>
      <P Name="ZOrder">248</P>
      <P Name="Points">[0, 45]</P>
      <P Name="Dst">356#in:1</P>
    </Branch>
    <Branch>
      <P Name="ZOrder">247</P>
      <P Name="Dst">76#in:2</P>
    </Branch>
  </Line>
  <Line>
    <P Name="Name">wl_est</P>
    <P Name="ZOrder">50</P>
    <P Name="Labels">[1, 1]</P>
    <P Name="Src">73#out:2</P>
    <P Name="Points">[0, -150]</P>
    <P Name="Dst">38#in:4</P>
  </Line>
  <Line>
    <P Name="ZOrder">211</P>
    <P Name="Src">324#out:1</P>
    <P Name="Dst">38#in:1</P>
  </Line>
  <Line>
    <P Name="ZOrder">141</P>
    <P Name="Src">38#out:1</P>
    <P Name="Points">[30, 0; 0, 20]</P>
    <P Name="Dst">237#in:1</P>
  </Line>
  <Line>
    <P Name="ZOrder">142</P>
    <P Name="Src">38#out:2</P>
    <P Name="Points">[30, 0; 0, -20]</P>
    <P Name="Dst">237#in:2</P>
  </Line>
  <Line>
    <P Name="ZOrder">143</P>
    <P Name="Src">237#out:1</P>
    <P Name="Points">[26, 0]</P>
    <Branch>
      <P Name="ZOrder">168</P>
      <P Name="Dst">267#in:1</P>
    </Branch>
    <Branch>
      <P Name="ZOrder">167</P>
      <P Name="Points">[0, 290]</P>
      <P Name="Dst">76#in:1</P>
    </Branch>
  </Line>
  <Line>
    <P Name="ZOrder">171</P>
    <P Name="Src">307#out:1</P>
    <P Name="Dst">36#in:1</P>
  </Line>
  <Line>
    <P Name="Name">thl_meas [deg]</P>
    <P Name="ZOrder">213</P>
    <P Name="Labels">[-1, 0]</P>
    <P Name="Src">311#out:1</P>
    <P Name="Dst">315#in:1</P>
  </Line>
  <Line>
    <P Name="Name">wl [rpm]</P>
    <P Name="ZOrder">175</P>
    <P Name="Labels">[-1, 0]</P>
    <P Name="Src">312#out:1</P>
    <P Name="Dst">315#in:2</P>
  </Line>
  <Line>
    <P Name="Name">acc [rpms]</P>
    <P Name="ZOrder">176</P>
    <P Name="Labels">[-1, 0]</P>
    <P Name="Src">310#out:1</P>
    <P Name="Dst">315#in:3</P>
  </Line>
  <Line>
    <P Name="Name">u [V]</P>
    <P Name="ZOrder">179</P>
    <P Name="Labels">[0, 0; -1, 0]</P>
    <P Name="Src">309#out:1</P>
    <P Name="Dst">315#in:4</P>
  </Line>
  <Line>
    <P Name="ZOrder">181</P>
    <P Name="Src">317#out:1</P>
    <P Name="Dst">316#in:1</P>
  </Line>
  <Line>
    <P Name="Name">wl [degs]</P>
    <P Name="ZOrder">182</P>
    <P Name="Labels">[1, 1]</P>
    <P Name="Src">321#out:1</P>
    <P Name="Dst">322#in:1</P>
  </Line>
  <Line>
    <P Name="Name">acc[rpm/s]</P>
    <P Name="ZOrder">183</P>
    <P Name="Labels">[1, 1]</P>
    <P Name="Src">316#out:1</P>
    <P Name="Dst">320#in:1</P>
  </Line>
  <Line>
    <P Name="ZOrder">184</P>
    <P Name="Src">318#out:1</P>
    <P Name="Dst">321#in:1</P>
  </Line>
  <Line>
    <P Name="Name">wl [rpm]</P>
    <P Name="ZOrder">185</P>
    <P Name="Labels">[0, 0]</P>
    <P Name="Src">322#out:1</P>
    <P Name="Dst">319#in:1</P>
  </Line>
  <Line>
    <P Name="Name">wl</P>
    <P Name="FontName">Helvetica</P>
    <P Name="FontSize">9</P>
    <P Name="FontWeight">normal</P>
    <P Name="FontAngle">normal</P>
    <P Name="ZOrder">229</P>
    <P Name="Labels">[0, 0]</P>
    <P Name="Src">328#out:2</P>
    <P Name="Dst">354#in:1</P>
  </Line>
  <Line>
    <P Name="Name">u [V]</P>
    <P Name="FontName">Helvetica</P>
    <P Name="FontSize">9</P>
    <P Name="FontWeight">normal</P>
    <P Name="FontAngle">normal</P>
    <P Name="ZOrder">230</P>
    <P Name="Labels">[1, 1]</P>
    <P Name="Src">326#out:1</P>
    <P Name="Dst">328#in:1</P>
  </Line>
  <Line>
    <P Name="ZOrder">231</P>
    <P Name="Src">325#out:1</P>
    <P Name="Dst">327#in:1</P>
  </Line>
  <Line>
    <P Name="ZOrder">232</P>
    <P Name="Src">328#out:1</P>
    <P Name="Dst">325#in:1</P>
  </Line>
  <Line>
    <P Name="ZOrder">238</P>
    <P Name="Src">76#out:1</P>
    <P Name="Dst">355#in:1</P>
  </Line>
  <Line>
    <P Name="ZOrder">234</P>
    <P Name="Src">356#out:1</P>
    <P Name="Points">[-80, 0]</P>
    <P Name="Dst">357#in:2</P>
  </Line>
  <Line>
    <P Name="ZOrder">244</P>
    <P Name="Src">357#out:1</P>
    <P Name="Points">[-15, 0]</P>
    <P Name="Dst">73#in:1</P>
  </Line>
  <Line>
    <P Name="ZOrder">237</P>
    <P Name="Src">355#out:1</P>
    <P Name="Points">[-15, 0; 0, -15]</P>
    <P Name="Dst">357#in:1</P>
  </Line>
</System>
